"age","female","voted_gen_14","voted_gen_12","treat_ind","racename","democrat","therm_trans_t0","therm_trans_t1","therm_trans_t2","therm_trans_t3","therm_trans_t4","therm_obama_t0","therm_obama_t1","therm_obama_t2","therm_obama_t4"
19,1,1,0,0,"African American",0,50,NA,NA,NA,NA,75,NA,NA,NA
58,1,1,1,0,"African American",1,50,NA,NA,NA,NA,100,NA,NA,NA
29,0,0,1,0,"African American",1,0,3,29,5,NA,83,71,50,NA
59,1,1,0,1,"African American",1,100,97,86,62,NA,100,100,100,NA
35,1,1,1,1,"African American",1,50,100,100,100,99,100,100,100,94
51,1,1,1,1,"African American",1,50,NA,NA,NA,NA,95,NA,NA,NA
72,1,1,1,0,"African American",0,50,NA,NA,NA,NA,100,NA,NA,NA
63,1,1,1,1,"African American",1,50,50,50,50,50,100,100,50,100
65,0,1,1,1,"African American",0,50,50,50,49,NA,100,100,100,NA
51,1,1,1,0,"Caucasian",0,47,30,50,50,50,0,0,9,0
18,0,0,0,0,"Hispanic",0,54,NA,NA,NA,NA,100,NA,NA,NA
26,1,1,1,0,"African American",1,74,50,50,50,50,75,74,50,77
45,1,0,1,0,"Hispanic",1,100,NA,NA,NA,NA,100,NA,NA,NA
18,1,0,0,0,"Hispanic",1,100,NA,NA,NA,NA,100,NA,NA,NA
62,1,1,1,1,"African American",1,76,84,NA,72,62,100,100,NA,50
20,0,1,0,1,"African American",1,50,50,NA,NA,50,100,100,NA,50
51,1,1,1,1,"African American",1,100,NA,NA,NA,NA,100,NA,NA,NA
41,1,1,1,1,"Caucasian",0,100,NA,NA,NA,NA,89,NA,NA,NA
41,0,1,1,1,"Hispanic",0,100,NA,NA,NA,NA,77,NA,NA,NA
39,0,1,1,1,"African American",1,100,NA,NA,NA,NA,100,NA,NA,NA
68,1,1,1,1,"Caucasian",1,50,NA,NA,NA,NA,50,NA,NA,NA
72,0,1,1,1,"African American",1,0,NA,NA,NA,NA,100,NA,NA,NA
37,0,1,1,0,"Caucasian",0,50,NA,NA,50,NA,0,NA,NA,NA
17,1,0,0,0,"African American",1,66,NA,NA,NA,NA,88,NA,NA,NA
51,1,1,1,0,"Caucasian",0,50,50,50,50,78,7,23,30,50
56,1,1,1,1,"African American",1,51,NA,NA,NA,NA,100,NA,NA,NA
26,0,1,1,0,"African American",1,25,NA,NA,NA,NA,100,NA,NA,NA
69,1,1,1,0,"African American",1,60,NA,NA,NA,NA,100,NA,NA,NA
68,0,1,1,0,"African American",1,50,NA,NA,NA,NA,100,NA,NA,NA
55,0,0,1,1,"African American",1,50,NA,NA,NA,NA,100,NA,NA,NA
34,1,0,1,1,"African American",1,87,NA,NA,NA,NA,100,NA,NA,NA
37,1,1,1,1,"Hispanic",1,50,NA,NA,NA,NA,100,NA,NA,NA
40,1,1,1,1,"African American",1,54,NA,NA,NA,NA,100,NA,NA,NA
30,1,1,1,1,"African American",1,77,NA,NA,NA,NA,100,NA,NA,NA
70,0,1,1,0,"African American",1,50,NA,NA,NA,NA,97,NA,NA,NA
53,1,1,1,0,"African American",1,50,NA,NA,NA,NA,100,NA,NA,NA
44,1,1,1,0,"African American",1,50,NA,NA,NA,NA,100,NA,NA,NA
36,1,1,1,1,"African American",1,50,NA,NA,NA,NA,97,NA,NA,NA
61,1,1,1,1,"African American",1,50,NA,NA,NA,NA,91,NA,NA,NA
68,0,1,1,1,"African American",1,41,NA,NA,NA,NA,100,NA,NA,NA
31,1,1,1,0,"African American",0,50,NA,NA,NA,NA,70,NA,NA,NA
52,1,1,1,1,"African American",1,50,NA,NA,NA,NA,74,NA,NA,NA
46,1,0,0,0,"African American",0,0,NA,NA,NA,NA,0,NA,NA,NA
37,1,0,0,0,"African American",1,0,NA,NA,NA,NA,3,NA,NA,NA
66,1,0,1,0,"African American",0,0,NA,NA,NA,NA,0,NA,NA,NA
35,1,0,0,1,"Caucasian",0,84,NA,NA,NA,NA,81,NA,NA,NA
76,0,1,1,1,"Hispanic",0,50,NA,NA,NA,NA,50,NA,NA,NA
26,1,0,1,1,"Hispanic",0,50,NA,NA,NA,NA,9,NA,NA,NA
21,1,0,1,1,"African American",1,0,NA,NA,NA,NA,100,NA,NA,NA
24,0,0,1,1,"African American",1,0,NA,NA,NA,NA,100,NA,NA,NA
69,1,1,1,1,"African American",1,11,NA,NA,NA,NA,100,NA,NA,NA
79,0,1,1,0,"Caucasian",0,50,NA,NA,NA,NA,50,NA,NA,NA
58,0,1,1,1,"African American",1,50,NA,NA,NA,NA,50,NA,NA,NA
31,0,0,1,0,"African American",0,50,NA,NA,NA,NA,90,NA,NA,NA
27,1,1,1,1,"African American",1,50,NA,NA,NA,NA,100,NA,NA,NA
46,0,0,1,1,"African American",1,8,NA,NA,NA,NA,100,NA,NA,NA
51,1,0,1,0,"Hispanic",1,92,NA,NA,NA,NA,60,NA,NA,NA
83,1,1,1,0,"Hispanic",0,50,NA,NA,NA,NA,22,NA,NA,NA
53,1,0,1,1,"Caucasian",0,100,50,100,50,100,95,50,70,76
48,0,1,1,0,"Hispanic",0,0,NA,NA,NA,NA,50,NA,NA,NA
30,1,1,1,0,"Hispanic",0,21,NA,NA,NA,NA,50,NA,NA,NA
19,1,1,0,1,"Caucasian",0,100,NA,NA,NA,NA,70,NA,NA,NA
66,1,1,1,1,"Hispanic",1,64,89,84,70,50,88,94,87,50
54,1,0,1,0,"Hispanic",0,50,NA,NA,NA,NA,70,NA,NA,NA
35,1,0,1,1,"African American",0,0,NA,NA,NA,NA,0,NA,NA,NA
64,1,1,1,0,"African American",1,36,30,36,40,50,100,100,100,100
57,1,1,1,0,"Caucasian",1,80,59,57,50,75,83,50,84,50
31,0,0,1,0,"African American",1,50,NA,NA,NA,NA,50,NA,NA,NA
70,0,1,1,1,"African American",1,50,NA,NA,NA,NA,50,NA,NA,NA
39,1,0,1,0,"African American",1,50,NA,NA,NA,70,80,NA,NA,50
61,0,1,0,0,"Hispanic",0,50,50,50,50,54,9,50,11,0
46,1,1,1,0,"African American",1,50,NA,NA,NA,NA,100,NA,NA,NA
57,1,0,1,1,"African American",1,50,NA,50,NA,NA,0,NA,50,NA
82,1,1,1,1,"Hispanic",1,50,50,NA,NA,NA,28,50,NA,NA
72,1,1,1,0,"African American",1,50,NA,NA,NA,NA,50,NA,NA,NA
75,0,1,1,0,"African American",1,50,NA,NA,NA,27,50,NA,NA,50
73,1,1,1,1,"African American",1,50,NA,NA,NA,NA,100,NA,NA,NA
48,1,1,1,1,"Hispanic",1,50,NA,NA,NA,NA,100,NA,NA,NA
50,1,1,1,1,"African American",1,50,81,71,75,90,91,90,50,50
58,1,0,1,0,"African American",1,50,50,50,50,50,100,100,100,50
21,1,0,1,0,"Hispanic",0,50,NA,NA,NA,NA,0,NA,NA,NA
23,1,0,0,1,"Caucasian",0,100,100,100,50,NA,86,88,50,NA
40,1,0,0,1,"Caucasian",0,100,100,100,50,NA,88,81,80,NA
68,1,0,1,1,"Caucasian",0,100,100,99,98,95,74,60,75,50
22,1,0,0,1,"African American",1,50,NA,NA,NA,NA,50,NA,NA,NA
63,1,1,1,1,"African American",0,10,NA,NA,NA,NA,75,NA,NA,NA
19,1,0,0,0,"African American",1,66,NA,NA,NA,NA,89,NA,NA,NA
45,1,0,1,0,"Hispanic",0,0,NA,NA,NA,NA,50,NA,NA,NA
28,1,0,1,1,"African American",0,14,19,27,17,22,100,81,83,81
25,0,1,1,1,"Hispanic",0,23,NA,NA,NA,NA,25,NA,NA,NA
26,1,1,1,1,"Hispanic",0,81,NA,NA,NA,NA,78,NA,NA,NA
58,1,1,0,0,"African American",1,50,50,50,50,50,50,50,42,50
22,0,1,0,0,"African American",0,50,50,50,50,50,50,50,50,50
18,1,0,0,0,"African American",1,50,NA,NA,NA,NA,100,NA,NA,NA
31,0,0,0,0,"Hispanic",0,50,50,50,50,NA,50,50,50,NA
17,0,0,0,0,"Hispanic",0,50,50,50,50,NA,50,50,50,NA
40,0,1,1,0,"Hispanic",1,60,50,50,50,50,100,50,100,50
88,1,0,1,0,"Hispanic",1,83,NA,NA,NA,NA,77,NA,NA,NA
53,1,0,1,0,"Hispanic",0,67,NA,NA,NA,NA,38,NA,NA,NA
23,0,1,1,0,"Hispanic",0,70,NA,NA,NA,NA,85,NA,NA,NA
58,1,1,1,1,"Caucasian",1,100,NA,NA,NA,NA,83,NA,NA,NA
34,1,1,1,1,"Hispanic",1,100,NA,NA,NA,NA,92,NA,NA,NA
25,1,0,1,0,"African American",1,50,50,50,50,50,50,50,50,50
23,1,0,1,1,"African American",1,100,50,NA,100,NA,100,50,NA,NA
40,1,1,1,0,"African American",1,70,NA,NA,NA,NA,100,NA,NA,NA
41,1,1,1,0,"African American",1,50,65,NA,8,50,100,100,NA,100
29,0,0,0,0,"African American",0,39,NA,NA,NA,NA,100,NA,NA,NA
19,1,1,0,0,"African American",0,50,NA,NA,NA,NA,50,NA,NA,NA
31,1,0,1,0,"Hispanic",0,0,NA,NA,NA,NA,0,NA,NA,NA
22,1,0,0,1,"Hispanic",0,10,NA,NA,NA,NA,50,NA,NA,NA
57,1,0,1,1,"Hispanic",0,40,NA,NA,NA,NA,55,NA,NA,NA
58,0,0,1,1,"Hispanic",0,20,NA,NA,NA,NA,50,NA,NA,NA
58,1,1,1,1,"Caucasian",0,44,50,47,40,50,59,66,50,65
57,0,1,1,1,"Caucasian",0,50,50,50,50,NA,50,50,50,NA
31,1,0,1,1,"African American",1,52,78,96,97,100,100,96,100,50
56,1,1,1,0,"Hispanic",0,53,NA,NA,NA,NA,0,NA,NA,NA
65,0,0,0,1,"African American",1,66,55,50,54,NA,100,97,100,NA
45,0,1,1,1,"African American",0,79,NA,NA,NA,NA,100,NA,NA,NA
65,1,1,1,1,"African American",0,41,65,75,59,NA,100,100,100,NA
55,1,1,1,1,"Caucasian",1,68,77,70,64,50,100,100,100,50
22,1,0,0,1,"African American",1,69,NA,50,50,NA,100,NA,50,NA
74,0,1,1,1,"African American",1,63,81,70,59,NA,100,100,100,NA
33,1,0,0,1,"African American",0,0,0,0,0,NA,100,77,50,NA
17,1,0,0,1,"African American",1,0,0,14,0,NA,74,74,50,NA
48,1,1,1,1,"African American",0,50,50,55,0,4,69,50,74,72
81,1,1,1,1,"African American",1,0,50,65,51,85,100,50,100,90
46,1,1,1,1,"African American",0,95,100,86,90,NA,89,50,84,NA
42,0,0,0,0,"African American",1,50,50,50,50,NA,50,50,50,NA
19,0,0,0,0,"Hispanic",0,50,50,50,50,NA,50,50,50,NA
66,1,1,1,1,"African American",1,63,NA,NA,NA,NA,100,NA,NA,NA
49,0,1,1,0,"Caucasian",0,0,NA,NA,NA,NA,0,NA,NA,NA
53,0,0,0,1,"Caucasian",0,66,NA,NA,NA,NA,0,NA,NA,NA
51,1,0,1,0,"African American",0,100,NA,NA,NA,NA,100,NA,NA,NA
23,0,0,1,0,"African American",1,41,NA,NA,NA,NA,100,NA,NA,NA
48,1,0,1,0,"African American",1,41,NA,NA,NA,NA,100,NA,NA,NA
76,0,1,1,0,"African American",1,50,NA,NA,NA,NA,83,NA,NA,NA
85,1,1,1,0,"Caucasian",0,4,NA,50,42,8,4,NA,10,9
24,0,0,1,0,"Hispanic",1,60,NA,NA,NA,NA,50,NA,NA,NA
54,0,1,1,0,"African American",1,50,NA,NA,NA,NA,100,NA,NA,NA
81,1,1,1,0,"African American",0,50,NA,NA,NA,NA,100,NA,NA,NA
62,1,1,0,0,"African American",1,48,NA,NA,NA,NA,93,NA,NA,NA
42,0,1,1,1,"Caucasian",0,50,NA,NA,NA,NA,0,NA,NA,NA
43,1,1,1,1,"Hispanic",0,50,50,61,50,50,50,50,27,50
84,0,1,0,1,"Hispanic",0,27,NA,NA,NA,NA,9,NA,NA,NA
57,1,1,1,0,"African American",1,0,1,3,NA,NA,100,100,100,NA
57,1,1,1,1,"Caucasian",0,50,84,80,83,50,4,9,10,10
41,1,1,1,1,"African American",0,100,NA,NA,NA,NA,100,NA,NA,NA
19,1,0,0,1,"African American",0,100,NA,NA,NA,NA,100,NA,NA,NA
31,0,1,1,0,"African American",1,5,NA,NA,NA,NA,55,NA,NA,NA
38,1,0,1,1,"Hispanic",0,51,NA,NA,NA,NA,24,NA,NA,NA
63,1,1,1,1,"African American",1,50,NA,NA,NA,NA,100,NA,NA,NA
23,0,1,1,1,"African American",1,50,NA,NA,NA,NA,50,NA,NA,NA
69,1,1,1,1,"African American",1,40,NA,NA,NA,NA,62,NA,NA,NA
47,1,1,1,1,"African American",1,50,NA,NA,NA,NA,78,NA,NA,NA
20,1,0,0,0,"Hispanic",1,50,NA,NA,NA,NA,70,NA,NA,NA
46,1,0,0,1,"African American",0,0,NA,NA,NA,NA,98,NA,NA,NA
55,1,0,1,0,"African American",1,50,NA,NA,NA,NA,100,NA,NA,NA
41,1,0,1,1,"Hispanic",1,0,NA,NA,NA,NA,50,NA,NA,NA
27,0,0,0,0,"African American",0,0,NA,NA,NA,NA,92,NA,NA,NA
24,1,0,0,0,"African American",1,50,NA,NA,NA,NA,91,NA,NA,NA
47,1,1,1,0,"African American",1,50,NA,NA,NA,NA,92,NA,NA,NA
70,0,0,1,0,"Hispanic",1,81,NA,NA,NA,NA,87,NA,NA,NA
57,1,1,1,1,"Caucasian",0,50,50,NA,50,NA,0,0,NA,NA
58,1,1,1,1,"African American",1,50,NA,NA,NA,NA,50,NA,NA,NA
45,1,0,1,1,"African American",1,0,0,0,NA,NA,100,100,100,NA
58,0,1,1,1,"African American",1,2,14,0,NA,0,100,100,100,100
41,1,1,1,1,"Caucasian",0,2,NA,NA,NA,NA,45,NA,NA,NA
36,0,0,0,1,"Caucasian",0,0,NA,NA,NA,NA,34,NA,NA,NA
42,1,1,1,1,"African American",1,98,91,78,74,85,100,100,76,50
61,1,1,1,1,"African American",1,69,NA,32,100,NA,80,NA,50,NA
34,1,1,1,0,"African American",1,0,NA,NA,NA,NA,100,NA,NA,NA
22,0,1,1,0,"African American",1,75,NA,NA,NA,NA,100,NA,NA,NA
43,0,0,0,1,"African American",0,0,NA,NA,NA,NA,100,NA,NA,NA
55,1,1,1,1,"African American",1,50,NA,NA,NA,NA,91,NA,NA,NA
61,1,1,1,0,"African American",1,50,NA,NA,NA,NA,100,NA,NA,NA
69,0,1,1,0,"Caucasian",1,100,95,97,93,92,100,100,98,97
49,1,1,1,0,"African American",1,0,0,0,0,0,86,74,75,50
31,1,0,0,1,"African American",1,50,84,50,85,82,99,65,81,100
50,1,1,1,0,"African American",1,85,50,4,45,23,89,100,79,50
18,0,0,0,1,"African American",1,50,NA,NA,NA,NA,100,NA,NA,NA
43,0,1,1,0,"Hispanic",0,49,NA,NA,NA,NA,24,NA,NA,NA
36,1,1,1,1,"African American",1,50,50,50,50,63,50,50,100,50
50,1,1,1,0,"Caucasian",1,50,NA,NA,NA,NA,92,NA,NA,NA
49,1,1,1,0,"Hispanic",1,100,NA,NA,NA,NA,50,NA,NA,NA
44,1,1,1,0,"African American",1,100,NA,NA,NA,NA,100,NA,NA,NA
34,1,1,1,0,"African American",1,99,NA,NA,NA,NA,91,NA,NA,NA
53,1,1,1,1,"African American",1,50,NA,NA,NA,NA,100,NA,NA,NA
50,0,1,1,0,"Caucasian",1,50,55,70,60,65,93,50,90,93
59,0,1,1,1,"Caucasian",0,100,87,100,100,NA,92,86,100,NA
56,1,1,1,1,"Caucasian",1,50,84,81,98,90,57,75,81,89
55,0,1,1,0,"African American",1,71,80,NA,NA,NA,88,90,NA,NA
27,1,0,0,0,"Caucasian",1,18,32,92,55,66,58,53,83,76
38,0,1,1,1,"African American",0,50,50,50,50,NA,40,61,79,NA
38,1,1,1,1,"Hispanic",0,50,50,21,50,29,70,82,70,50
43,1,1,1,1,"African American",1,50,100,100,100,100,50,100,100,50
44,0,1,1,1,"African American",1,9,24,16,16,NA,94,50,50,NA
26,1,0,0,1,"African American",1,75,NA,NA,NA,NA,100,NA,NA,NA
53,1,1,1,1,"African American",1,50,NA,NA,NA,NA,100,NA,NA,NA
55,1,1,1,0,"African American",1,13,NA,NA,NA,NA,100,NA,NA,NA
23,0,1,1,0,"African American",1,0,50,0,0,0,100,100,50,50
25,1,1,1,1,"African American",1,50,NA,NA,NA,NA,88,NA,NA,NA
40,1,1,1,1,"African American",1,50,NA,NA,NA,NA,86,NA,NA,NA
26,1,1,1,1,"African American",1,50,NA,NA,NA,NA,86,NA,NA,NA
58,1,1,1,0,"African American",1,50,NA,NA,NA,NA,50,NA,NA,NA
37,1,1,1,0,"African American",1,50,50,50,50,50,50,50,100,50
19,1,0,0,1,"African American",1,49,50,50,50,NA,100,100,95,NA
77,1,1,1,1,"African American",1,0,50,50,38,50,100,100,96,50
62,0,1,1,1,"African American",1,50,63,50,50,50,100,100,84,100
75,1,1,1,0,"African American",1,50,36,63,NA,50,100,100,91,50
56,1,1,1,0,"African American",1,37,50,81,64,52,100,50,100,100
57,1,1,1,0,"African American",1,100,NA,NA,NA,NA,100,NA,NA,NA
26,0,0,1,1,"African American",1,0,12,50,50,50,100,50,100,100
21,0,0,1,1,"African American",1,30,30,NA,NA,NA,80,50,NA,NA
30,0,0,1,1,"African American",1,61,78,81,NA,NA,100,100,100,NA
68,0,1,1,0,"Caucasian",0,50,NA,NA,NA,NA,0,NA,NA,NA
51,1,1,1,0,"African American",1,2,NA,NA,NA,NA,83,NA,NA,NA
75,1,1,1,1,"African American",1,50,NA,NA,NA,NA,100,NA,NA,NA
18,1,0,0,0,"African American",1,100,100,50,93,100,100,100,100,100
42,1,0,1,0,"Hispanic",1,100,100,86,83,98,100,100,100,50
22,1,0,0,1,"Hispanic",0,100,NA,NA,NA,NA,100,NA,NA,NA
45,1,0,1,1,"African American",1,50,NA,NA,NA,NA,100,NA,NA,NA
22,1,1,1,1,"African American",1,100,NA,NA,NA,NA,100,NA,NA,NA
72,0,1,1,0,"African American",1,50,53,94,50,75,100,100,50,100
60,1,1,1,0,"African American",1,50,75,50,96,NA,100,100,50,NA
52,1,1,1,1,"African American",1,0,NA,NA,NA,NA,100,NA,NA,NA
61,0,0,1,1,"African American",1,50,NA,NA,NA,NA,70,NA,NA,NA
66,1,1,1,0,"African American",1,48,34,50,44,50,100,50,50,50
23,1,0,0,1,"Hispanic",0,0,NA,NA,NA,NA,80,NA,NA,NA
49,0,1,1,0,"Hispanic",0,50,NA,NA,NA,NA,0,NA,NA,NA
51,1,0,0,0,"Hispanic",0,50,NA,NA,NA,NA,96,NA,NA,NA
22,0,1,0,0,"African American",1,67,100,100,61,NA,83,100,100,NA
60,1,1,1,0,"African American",1,79,100,100,50,51,100,100,100,100
39,1,0,1,0,"African American",1,27,55,100,87,NA,100,100,100,NA
24,1,1,1,0,"African American",1,0,0,0,0,0,100,50,100,100
21,0,0,0,0,"African American",1,0,NA,NA,NA,NA,86,NA,NA,NA
68,0,1,0,1,"Hispanic",0,81,93,82,88,NA,72,50,50,NA
68,1,0,1,1,"Hispanic",1,94,NA,NA,NA,NA,10,NA,NA,NA
66,1,1,1,1,"Caucasian",1,50,NA,NA,NA,NA,40,NA,NA,NA
19,1,1,0,0,"African American",0,50,NA,NA,NA,NA,72,NA,NA,NA
32,1,0,1,0,"Hispanic",1,100,NA,NA,NA,NA,0,NA,NA,NA
32,0,0,1,0,"Caucasian",1,100,NA,NA,NA,NA,0,NA,NA,NA
68,1,1,1,0,"Caucasian",1,50,NA,NA,NA,NA,0,NA,NA,NA
88,1,1,1,1,"Caucasian",1,50,NA,NA,NA,NA,80,NA,NA,NA
62,0,1,1,1,"African American",1,34,NA,NA,NA,NA,93,NA,NA,NA
32,0,0,0,0,"African American",1,6,NA,NA,NA,NA,77,NA,NA,NA
68,1,1,1,0,"Hispanic",1,50,89,76,76,50,85,50,81,50
59,0,1,1,0,"Caucasian",1,81,50,73,86,NA,43,50,40,NA
56,1,1,1,0,"Caucasian",1,72,100,100,90,89,68,50,74,74
81,0,1,1,0,"African American",1,37,NA,NA,NA,NA,92,NA,NA,NA
24,1,0,1,0,"African American",1,50,NA,NA,NA,NA,100,NA,NA,NA
66,1,1,1,0,"African American",1,50,NA,NA,NA,NA,83,NA,NA,NA
47,1,0,1,1,"African American",1,50,NA,NA,NA,NA,100,NA,NA,NA
46,1,0,1,0,"African American",1,50,50,55,50,50,100,100,100,100
24,0,0,0,0,"African American",0,50,NA,NA,NA,NA,78,NA,NA,NA
30,0,0,0,0,"African American",1,50,NA,NA,NA,NA,100,NA,NA,NA
75,1,0,0,0,"Hispanic",1,100,NA,NA,NA,NA,99,NA,NA,NA
44,1,1,1,0,"African American",1,0,NA,NA,NA,NA,100,NA,NA,NA
46,0,0,1,0,"African American",1,2,NA,NA,NA,NA,50,NA,NA,NA
23,1,0,1,0,"African American",1,100,NA,NA,NA,NA,100,NA,NA,NA
60,1,1,1,1,"Hispanic",0,50,56,50,50,NA,50,50,33,NA
67,0,1,1,1,"Caucasian",1,50,50,50,50,50,70,40,40,50
62,0,1,1,1,"Caucasian",1,50,NA,NA,NA,NA,64,NA,NA,NA
61,1,1,1,1,"Caucasian",1,100,NA,NA,NA,NA,66,NA,NA,NA
27,0,1,1,1,"Caucasian",1,50,NA,NA,NA,NA,70,NA,NA,NA
61,0,1,1,1,"Hispanic",1,90,NA,NA,NA,NA,75,NA,NA,NA
27,1,0,1,1,"Hispanic",1,100,NA,NA,NA,NA,100,NA,NA,NA
51,1,1,1,1,"African American",1,100,NA,NA,NA,NA,100,NA,NA,NA
19,0,0,0,1,"Hispanic",0,50,NA,NA,NA,NA,60,NA,NA,NA
43,1,0,1,0,"Hispanic",0,50,67,73,79,66,32,50,25,30
45,0,0,1,0,"Hispanic",0,50,50,50,50,51,50,13,0,50
51,1,1,1,1,"African American",1,50,NA,NA,NA,NA,50,NA,NA,NA
31,0,0,0,1,"African American",1,50,NA,NA,NA,NA,50,NA,NA,NA
30,0,0,0,1,"African American",1,50,NA,NA,NA,NA,50,NA,NA,NA
50,0,1,1,0,"Caucasian",1,50,NA,NA,NA,NA,92,NA,NA,NA
33,0,1,1,1,"Caucasian",0,50,50,50,50,70,100,100,90,50
19,0,0,0,0,"Hispanic",0,0,50,40,45,40,70,50,50,50
28,0,0,0,0,"African American",1,0,NA,NA,NA,NA,100,NA,NA,NA
56,1,0,1,0,"African American",1,33,NA,NA,NA,NA,100,NA,NA,NA
39,1,0,0,1,"African American",1,32,50,50,50,50,94,50,90,70
60,1,1,1,1,"Hispanic",0,50,NA,NA,NA,NA,100,NA,NA,NA
36,1,0,0,1,"African American",1,2,4,0,0,0,100,50,86,71
25,1,1,1,0,"African American",1,50,NA,NA,NA,NA,100,NA,NA,NA
30,0,0,0,0,"Hispanic",0,0,NA,NA,NA,NA,83,NA,NA,NA
25,0,0,1,0,"Hispanic",0,21,NA,NA,NA,NA,50,NA,NA,NA
25,0,0,1,1,"African American",1,0,NA,NA,NA,NA,70,NA,NA,NA
41,0,1,1,0,"African American",1,50,NA,NA,NA,NA,100,NA,NA,NA
18,0,0,0,0,"Hispanic",0,50,NA,NA,NA,NA,84,NA,NA,NA
64,1,0,0,0,"Hispanic",1,50,NA,NA,NA,NA,50,NA,NA,NA
54,1,1,1,1,"Caucasian",1,50,NA,NA,NA,NA,50,NA,NA,NA
58,1,1,1,0,"African American",1,58,NA,NA,NA,NA,100,NA,NA,NA
30,0,0,0,1,"Hispanic",0,26,NA,NA,NA,NA,21,NA,NA,NA
28,1,1,1,1,"Caucasian",0,50,NA,NA,NA,NA,0,NA,NA,NA
28,1,0,1,0,"African American",1,80,NA,NA,NA,NA,92,NA,NA,NA
54,1,1,1,1,"Hispanic",1,21,NA,NA,NA,NA,81,NA,NA,NA
51,0,0,1,0,"Hispanic",1,0,NA,NA,NA,NA,82,NA,NA,NA
37,1,0,1,0,"Caucasian",0,50,45,48,50,NA,1,0,19,NA
62,0,1,1,1,"Hispanic",1,50,60,50,80,72,100,90,90,100
51,1,0,0,1,"Hispanic",1,50,41,NA,NA,50,51,50,NA,50
42,1,1,1,0,"African American",1,50,51,50,37,28,100,50,100,100
51,0,1,1,0,"African American",1,13,0,0,0,0,100,100,100,50
37,1,1,1,0,"Hispanic",0,50,NA,NA,NA,NA,75,NA,NA,NA
87,1,1,1,0,"Caucasian",1,50,NA,NA,NA,NA,52,NA,NA,NA
54,0,1,1,0,"Hispanic",1,50,NA,NA,NA,NA,95,NA,NA,NA
43,0,0,1,1,"African American",0,44,52,52,81,NA,100,100,90,NA
45,1,0,1,1,"African American",1,50,50,50,64,85,100,100,100,100
60,1,1,1,1,"Caucasian",1,100,96,99,94,NA,83,94,77,NA
64,0,1,1,1,"Caucasian",0,50,NA,50,50,NA,61,NA,50,NA
40,1,0,1,0,"African American",1,50,50,NA,NA,NA,83,50,NA,NA
63,1,0,1,0,"Hispanic",0,22,NA,NA,NA,NA,0,NA,NA,NA
62,0,1,1,1,"African American",1,50,NA,NA,NA,NA,93,NA,NA,NA
61,1,1,0,1,"Caucasian",1,50,NA,NA,NA,NA,50,NA,NA,NA
57,0,0,0,1,"Caucasian",0,50,NA,NA,NA,NA,50,NA,NA,NA
61,1,1,1,1,"Caucasian",1,50,NA,NA,NA,NA,50,NA,NA,NA
53,1,1,1,1,"African American",1,50,99,50,50,50,100,100,100,100
72,0,1,1,1,"Hispanic",1,50,NA,NA,NA,NA,81,NA,NA,NA
63,0,0,1,0,"Hispanic",0,38,NA,NA,NA,NA,0,NA,NA,NA
57,0,1,1,0,"Hispanic",0,50,NA,NA,NA,NA,100,NA,NA,NA
32,1,0,1,0,"Hispanic",0,31,NA,NA,NA,NA,80,NA,NA,NA
65,1,1,1,1,"African American",1,50,NA,NA,NA,NA,50,NA,NA,NA
49,0,1,1,0,"Hispanic",0,100,NA,NA,NA,NA,30,NA,NA,NA
55,0,1,1,0,"Hispanic",0,50,70,NA,59,NA,50,38,NA,NA
58,0,1,1,1,"Caucasian",1,50,NA,NA,NA,NA,72,NA,NA,NA
67,0,1,1,0,"Caucasian",0,100,50,50,50,NA,100,50,100,NA
54,1,1,1,0,"Caucasian",0,96,96,96,96,96,73,80,81,87
52,1,1,1,0,"African American",1,50,70,50,50,50,100,100,100,100
34,0,0,0,1,"African American",0,0,NA,NA,NA,NA,100,NA,NA,NA
22,1,0,0,1,"African American",0,0,NA,NA,NA,NA,91,NA,NA,NA
44,0,1,1,0,"African American",0,1,NA,NA,NA,NA,70,NA,NA,NA
71,1,1,1,1,"Hispanic",1,60,NA,NA,NA,NA,91,NA,NA,NA
74,0,1,1,1,"Hispanic",1,50,NA,NA,NA,NA,81,NA,NA,NA
38,0,1,0,1,"Hispanic",0,100,NA,NA,NA,NA,100,NA,NA,NA
64,1,1,1,0,"Caucasian",1,50,50,50,50,69,100,100,100,50
24,1,0,1,0,"African American",1,86,100,100,100,60,100,100,100,50
46,1,1,1,0,"African American",1,50,55,75,70,NA,100,100,100,NA
51,0,1,1,0,"African American",1,0,100,50,50,NA,100,100,100,NA
76,1,1,1,0,"Caucasian",1,71,NA,NA,NA,NA,100,NA,NA,NA
74,0,1,1,1,"Caucasian",0,72,NA,NA,NA,NA,85,NA,NA,NA
71,1,1,0,1,"Hispanic",0,50,NA,NA,NA,NA,83,NA,NA,NA
56,1,1,1,1,"African American",1,50,50,50,50,50,92,50,50,80
25,1,0,1,0,"Hispanic",0,85,50,100,50,100,92,50,100,100
45,0,0,0,0,"Hispanic",1,0,NA,NA,NA,NA,50,NA,NA,NA
55,1,0,1,0,"Hispanic",1,0,0,50,2,50,0,63,100,50
52,1,0,1,0,"Hispanic",0,50,NA,NA,NA,NA,8,NA,NA,NA
20,1,0,0,0,"Hispanic",0,10,NA,NA,NA,NA,0,NA,NA,NA
20,1,0,0,1,"Hispanic",0,100,NA,NA,NA,NA,18,NA,NA,NA
64,1,0,0,1,"Hispanic",0,50,NA,NA,NA,NA,100,NA,NA,NA
59,1,1,1,1,"Caucasian",0,50,50,50,49,50,2,0,0,50
34,0,1,1,0,"African American",0,50,NA,NA,NA,NA,50,NA,NA,NA
73,0,1,0,0,"African American",1,50,NA,NA,NA,NA,50,NA,NA,NA
64,1,1,1,0,"African American",1,27,NA,NA,NA,NA,71,NA,NA,NA
90,0,0,0,0,"Hispanic",1,50,NA,NA,NA,NA,74,NA,NA,NA
27,1,1,1,0,"Caucasian",1,71,NA,NA,NA,NA,93,NA,NA,NA
57,0,1,1,0,"Hispanic",0,50,NA,NA,NA,NA,6,NA,NA,NA
56,0,1,1,1,"Hispanic",0,58,NA,NA,NA,NA,100,NA,NA,NA
71,0,0,1,0,"Hispanic",1,50,50,50,50,NA,100,50,50,NA
66,1,0,1,0,"Hispanic",0,50,50,50,50,100,50,50,100,50
69,0,1,0,1,"Hispanic",1,20,NA,NA,NA,NA,100,NA,NA,NA
18,0,0,0,1,"Hispanic",1,100,NA,NA,NA,NA,80,NA,NA,NA
18,1,1,1,0,"Hispanic",0,100,NA,NA,NA,NA,100,NA,NA,NA
20,0,0,0,0,"Hispanic",1,100,NA,NA,NA,NA,90,NA,NA,NA
65,1,1,1,1,"Hispanic",1,50,NA,NA,NA,NA,100,NA,NA,NA
46,1,0,0,1,"Hispanic",0,50,50,50,50,53,6,50,50,100
41,0,0,0,1,"Hispanic",1,50,50,50,50,NA,0,4,50,NA
21,1,0,1,0,"Hispanic",0,50,NA,NA,NA,NA,50,NA,NA,NA
47,0,1,1,0,"African American",1,50,50,50,50,50,50,50,50,50
53,1,0,1,0,"Hispanic",1,80,NA,NA,NA,NA,80,NA,NA,NA
60,0,0,1,0,"Hispanic",1,100,NA,NA,NA,NA,76,NA,NA,NA
19,1,0,0,0,"Hispanic",1,100,NA,NA,NA,NA,100,NA,NA,NA
34,0,1,1,1,"Caucasian",0,80,86,80,90,80,100,100,100,100
36,1,1,1,1,"Caucasian",0,74,85,100,80,NA,100,95,100,NA
29,1,0,0,1,"Hispanic",0,27,NA,NA,NA,NA,0,NA,NA,NA
51,0,1,1,1,"Hispanic",0,0,NA,NA,NA,NA,0,NA,NA,NA
50,1,1,1,1,"Hispanic",0,0,NA,NA,NA,NA,0,NA,NA,NA
87,1,0,0,1,"Hispanic",0,100,NA,NA,NA,NA,0,NA,NA,NA
47,1,1,1,1,"Hispanic",0,48,NA,NA,NA,NA,18,NA,NA,NA
19,1,0,0,0,"Hispanic",1,100,NA,NA,NA,NA,65,NA,NA,NA
24,0,0,1,1,"African American",1,0,0,0,0,0,100,52,100,50
52,1,0,0,1,"Hispanic",1,27,50,26,50,NA,100,97,93,NA
46,0,0,1,1,"Caucasian",1,0,50,50,50,50,100,50,50,81
39,1,0,1,1,"Hispanic",1,58,61,87,68,NA,100,96,100,NA
65,1,1,1,1,"African American",1,0,NA,NA,NA,NA,100,NA,NA,NA
42,1,0,1,0,"Hispanic",0,50,66,77,NA,50,82,100,85,50
56,1,1,1,0,"Hispanic",0,50,NA,NA,NA,NA,92,NA,NA,NA
56,0,1,1,1,"Caucasian",0,50,65,70,50,NA,72,70,70,NA
54,1,1,1,0,"Hispanic",0,51,NA,NA,NA,NA,40,NA,NA,NA
30,1,1,1,1,"African American",1,0,NA,NA,NA,NA,89,NA,NA,NA
20,0,1,1,0,"Hispanic",0,23,NA,NA,NA,NA,0,NA,NA,NA
51,0,1,1,1,"Hispanic",0,0,NA,NA,NA,NA,0,NA,NA,NA
60,0,1,1,1,"Caucasian",1,50,NA,NA,NA,NA,72,NA,NA,NA
61,0,1,1,0,"Hispanic",0,22,NA,NA,NA,NA,0,NA,NA,NA
58,1,1,1,0,"Hispanic",0,37,NA,NA,NA,NA,0,NA,NA,NA
24,0,0,1,0,"Hispanic",0,40,NA,NA,NA,NA,0,NA,NA,NA
43,0,1,1,1,"African American",1,0,NA,NA,NA,NA,100,NA,NA,NA
40,1,1,1,1,"African American",0,50,NA,NA,NA,NA,100,NA,NA,NA
77,0,1,1,1,"Caucasian",0,50,80,50,NA,50,50,71,50,50
24,0,0,0,0,"African American",1,50,NA,NA,NA,NA,80,NA,NA,NA
55,0,1,1,1,"Hispanic",0,100,83,71,81,77,100,100,100,50
40,1,1,1,1,"Caucasian",0,50,NA,14,35,NA,71,NA,40,NA
72,1,1,1,1,"African American",1,0,21,50,50,50,100,100,50,100
55,1,1,1,1,"African American",1,100,NA,NA,NA,NA,100,NA,NA,NA
62,1,1,1,0,"Hispanic",0,89,NA,NA,NA,NA,97,NA,NA,NA
27,1,1,1,1,"Hispanic",0,49,NA,NA,NA,NA,29,NA,NA,NA
57,1,0,0,1,"Hispanic",0,30,NA,NA,NA,NA,7,NA,NA,NA
63,1,1,1,1,"Hispanic",0,50,NA,NA,NA,NA,0,NA,NA,NA
26,0,0,0,1,"Hispanic",0,94,100,85,100,100,24,22,19,50
53,1,0,0,1,"Hispanic",0,100,NA,50,50,NA,0,NA,50,NA
53,0,0,0,1,"Caucasian",0,0,0,0,0,NA,0,0,0,NA
43,1,1,1,1,"African American",1,50,NA,NA,NA,NA,100,NA,NA,NA
71,1,0,0,0,"African American",1,50,50,0,NA,NA,50,50,50,NA
27,0,0,1,0,"African American",0,50,50,50,NA,NA,50,50,50,NA
30,1,1,1,0,"African American",1,50,0,25,NA,NA,50,100,100,NA
63,0,1,1,0,"Caucasian",1,60,NA,NA,NA,NA,100,NA,NA,NA
60,0,0,0,1,"Caucasian",1,100,100,100,100,94,65,40,50,50
59,0,1,1,1,"Caucasian",0,50,60,54,71,55,32,50,32,10
43,0,1,1,1,"Caucasian",0,9,NA,NA,NA,NA,0,NA,NA,NA
80,1,1,1,0,"Caucasian",1,7,0,50,23,52,82,100,84,100
53,0,1,1,0,"Caucasian",1,50,41,49,50,NA,75,71,73,NA
48,1,1,1,0,"Caucasian",0,50,49,50,50,50,71,50,77,50
27,0,0,0,0,"African American",1,94,NA,NA,NA,NA,22,NA,NA,NA
34,0,1,0,0,"African American",0,100,NA,NA,NA,NA,6,NA,NA,NA
61,1,1,1,1,"African American",0,100,NA,NA,NA,NA,100,NA,NA,NA
24,0,0,0,0,"African American",1,22,20,34,42,36,88,50,49,62
30,0,0,0,0,"African American",1,20,36,50,40,NA,100,95,100,NA
62,1,0,1,0,"African American",1,50,50,50,50,50,90,100,98,95
66,1,0,0,0,"African American",1,0,NA,NA,NA,NA,100,NA,NA,NA
54,1,0,1,0,"Hispanic",1,50,50,57,60,50,7,20,20,50
59,0,1,1,0,"Hispanic",0,50,50,50,30,50,17,50,35,25
25,0,0,1,0,"African American",1,50,NA,NA,NA,NA,82,NA,NA,NA
62,0,1,1,1,"African American",1,50,NA,NA,NA,NA,81,NA,NA,NA
23,1,0,1,1,"Asian",0,85,NA,NA,NA,NA,90,NA,NA,NA
23,1,0,1,0,"African American",1,88,NA,NA,NA,NA,85,NA,NA,NA
44,1,0,0,0,"Hispanic",0,52,NA,NA,NA,NA,82,NA,NA,NA
56,0,1,1,1,"Hispanic",1,51,NA,NA,NA,NA,30,NA,NA,NA
56,1,1,1,0,"Hispanic",1,35,20,25,31,NA,91,79,70,NA
24,1,1,1,0,"Hispanic",1,90,90,80,70,NA,96,88,84,NA
35,1,1,1,0,"Hispanic",1,84,86,58,63,71,90,85,85,85
62,0,1,1,0,"African American",0,50,NA,NA,NA,NA,92,NA,NA,NA
61,1,1,1,0,"African American",1,50,NA,NA,NA,NA,100,NA,NA,NA
55,1,1,1,1,"Hispanic",0,50,NA,NA,NA,NA,0,NA,NA,NA
56,1,1,1,1,"Caucasian",1,100,NA,NA,NA,NA,100,NA,NA,NA
19,0,0,0,1,"Caucasian",0,50,100,70,100,100,35,40,35,50
47,1,1,1,1,"Hispanic",0,50,NA,NA,NA,NA,50,NA,NA,NA
42,0,1,1,0,"Hispanic",0,73,88,60,72,69,100,92,76,93
58,1,1,1,0,"Caucasian",0,76,80,72,82,66,89,82,71,81
65,0,1,1,1,"Caucasian",1,80,NA,NA,NA,NA,100,NA,NA,NA
50,1,0,0,1,"Hispanic",0,50,NA,NA,NA,NA,50,NA,NA,NA
80,0,1,1,0,"Caucasian",1,62,100,76,50,72,60,72,50,37
69,1,1,1,0,"Caucasian",1,88,65,91,96,NA,90,97,100,NA
53,1,0,1,0,"Caucasian",0,46,48,50,50,NA,50,50,50,NA
56,0,1,1,0,"Caucasian",1,80,50,62,92,50,100,50,50,50
30,0,1,1,0,"Hispanic",0,100,NA,NA,NA,NA,18,NA,NA,NA
20,0,0,1,0,"African American",1,0,NA,NA,NA,NA,88,NA,NA,NA
41,1,1,1,0,"Hispanic",0,89,NA,NA,NA,NA,3,NA,NA,NA
52,1,1,1,1,"Hispanic",0,50,NA,NA,NA,NA,50,NA,NA,NA
44,1,1,0,1,"African American",1,88,50,50,50,50,90,63,80,78
18,1,1,0,0,"Hispanic",0,50,50,50,50,94,100,100,50,50
46,1,1,1,0,"Hispanic",1,50,76,50,0,56,100,100,100,100
42,1,0,0,0,"Hispanic",1,0,50,50,2,NA,100,93,100,NA
25,1,0,1,1,"Hispanic",0,100,NA,NA,NA,NA,0,NA,NA,NA
49,1,1,1,1,"Caucasian",0,25,NA,NA,NA,NA,0,NA,NA,NA
28,0,0,1,1,"Hispanic",1,60,NA,NA,NA,NA,100,NA,NA,NA
57,1,1,1,1,"Caucasian",0,50,NA,NA,NA,NA,0,NA,NA,NA
53,0,1,1,1,"Hispanic",0,50,NA,NA,NA,NA,16,NA,NA,NA
24,0,0,0,0,"Hispanic",0,75,NA,NA,NA,NA,90,NA,NA,NA
77,1,1,1,1,"Hispanic",0,31,NA,NA,NA,NA,100,NA,NA,NA
73,0,1,1,1,"Hispanic",0,50,NA,NA,NA,NA,100,NA,NA,NA
60,1,0,0,0,"Caucasian",0,50,NA,NA,NA,NA,50,NA,NA,NA
21,0,0,0,1,"Asian",0,50,NA,50,74,50,50,NA,66,50
52,1,1,1,0,"Caucasian",0,50,NA,NA,NA,NA,50,NA,NA,NA
61,0,0,0,0,"Caucasian",1,0,NA,NA,NA,NA,50,NA,NA,NA
77,0,1,1,1,"Hispanic",0,50,NA,NA,NA,NA,50,NA,NA,NA
44,0,1,1,1,"Hispanic",0,50,NA,NA,NA,NA,0,NA,NA,NA
22,0,0,0,1,"Hispanic",1,10,NA,NA,NA,NA,50,NA,NA,NA
53,1,1,1,1,"Hispanic",0,0,NA,NA,NA,NA,0,NA,NA,NA
23,0,0,0,1,"Hispanic",0,0,NA,NA,NA,NA,18,NA,NA,NA
59,1,0,0,0,"African American",1,32,NA,NA,NA,NA,100,NA,NA,NA
47,0,0,1,0,"Hispanic",1,75,NA,NA,NA,NA,80,NA,NA,NA
63,0,1,1,1,"Hispanic",0,11,NA,NA,NA,NA,11,NA,NA,NA
52,1,1,1,0,"Hispanic",0,0,NA,NA,0,0,0,NA,NA,50
49,0,1,1,0,"Caucasian",0,0,NA,1,10,6,4,NA,9,18
33,1,0,0,0,"Hispanic",0,8,NA,NA,NA,NA,82,NA,NA,NA
33,0,1,1,0,"Hispanic",0,0,NA,NA,NA,NA,7,NA,NA,NA
59,0,1,1,1,"Hispanic",0,50,NA,NA,NA,NA,38,NA,NA,NA
61,1,1,1,1,"Hispanic",0,49,NA,NA,NA,NA,50,NA,NA,NA
75,0,1,1,1,"Hispanic",0,4,NA,NA,NA,NA,50,NA,NA,NA
29,1,0,0,1,"Hispanic",0,50,NA,NA,NA,NA,50,NA,NA,NA
52,0,1,1,1,"Caucasian",1,100,NA,NA,NA,NA,99,NA,NA,NA
52,1,1,1,1,"Hispanic",1,70,NA,NA,NA,NA,90,NA,NA,NA
54,1,1,1,0,"Hispanic",1,36,NA,NA,NA,NA,73,NA,NA,NA
66,0,1,1,0,"Hispanic",1,31,NA,NA,NA,NA,93,NA,NA,NA
42,0,1,1,0,"African American",1,50,NA,NA,NA,NA,100,NA,NA,NA
37,0,0,0,1,"Hispanic",0,50,27,50,25,50,0,16,50,30
83,0,0,0,1,"Hispanic",0,0,0,0,10,0,0,0,25,0
30,1,1,1,0,"Hispanic",0,56,NA,NA,NA,NA,91,NA,NA,NA
33,1,0,1,0,"Hispanic",0,50,NA,NA,NA,NA,31,NA,NA,NA
77,0,1,1,0,"Caucasian",0,0,0,50,0,20,0,0,0,0
66,1,0,1,0,"Hispanic",0,0,0,0,0,20,0,50,0,0
64,0,1,1,0,"Caucasian",1,50,50,50,50,50,60,60,60,61
76,1,1,1,0,"Caucasian",1,50,50,50,50,NA,82,50,60,NA
55,0,0,0,1,"Hispanic",1,100,NA,NA,NA,NA,100,NA,NA,NA
53,1,1,1,1,"African American",1,87,NA,NA,NA,NA,18,NA,NA,NA
72,1,1,1,0,"Hispanic",1,94,50,65,85,95,93,90,70,100
49,1,1,1,1,"Caucasian",1,100,NA,NA,NA,NA,81,NA,NA,NA
36,1,1,1,1,"Caucasian",1,100,NA,NA,NA,NA,100,NA,NA,NA
62,1,1,1,1,"Caucasian",1,100,NA,NA,NA,NA,94,NA,NA,NA
52,1,1,1,1,"Hispanic",1,50,NA,NA,NA,NA,8,NA,NA,NA
24,1,1,1,1,"Hispanic",0,100,NA,NA,NA,NA,50,NA,NA,NA
62,0,1,1,1,"Caucasian",1,90,NA,NA,NA,NA,91,NA,NA,NA
41,1,0,1,0,"Caucasian",0,99,NA,NA,NA,NA,29,NA,NA,NA
36,1,1,1,1,"African American",1,50,NA,NA,NA,NA,50,NA,NA,NA
45,1,1,1,1,"Hispanic",0,50,NA,NA,NA,NA,50,NA,NA,NA
46,0,1,1,1,"Hispanic",0,50,NA,NA,NA,NA,50,NA,NA,NA
40,1,0,0,0,"Hispanic",1,50,50,50,50,50,90,80,76,50
66,1,1,1,0,"Caucasian",0,50,NA,NA,NA,NA,71,NA,NA,NA
40,1,1,1,1,"African American",1,2,NA,NA,NA,NA,90,NA,NA,NA
39,0,1,1,1,"African American",1,36,NA,NA,NA,NA,71,NA,NA,NA
41,0,0,0,1,"Hispanic",0,93,NA,NA,NA,NA,90,NA,NA,NA
55,1,0,0,1,"Hispanic",0,50,NA,NA,NA,NA,8,NA,NA,NA
46,1,0,1,1,"Caucasian",0,48,NA,NA,NA,NA,0,NA,NA,NA
24,0,1,0,0,"Hispanic",0,50,NA,NA,NA,NA,40,NA,NA,NA
19,0,1,0,1,"Hispanic",0,50,NA,NA,NA,NA,70,NA,NA,NA
29,0,0,0,1,"Hispanic",1,50,NA,NA,NA,NA,71,NA,NA,NA
51,1,1,1,1,"Caucasian",0,50,NA,NA,NA,NA,71,NA,NA,NA
55,0,0,1,1,"African American",1,50,50,50,50,50,93,50,50,96
58,1,1,1,1,"African American",1,60,NA,NA,NA,NA,91,NA,NA,NA
40,0,1,1,0,"Caucasian",0,50,NA,NA,NA,NA,0,NA,NA,NA
34,1,1,1,0,"Caucasian",0,50,NA,NA,NA,NA,0,NA,NA,NA
19,1,0,0,0,"Hispanic",0,100,NA,NA,NA,NA,50,NA,NA,NA
49,0,1,1,0,"Hispanic",0,70,NA,NA,NA,NA,8,NA,NA,NA
42,1,0,0,0,"Hispanic",0,89,NA,NA,NA,NA,31,NA,NA,NA
74,0,0,1,1,"Caucasian",1,50,NA,NA,NA,NA,50,NA,NA,NA
48,1,1,1,0,"Hispanic",0,100,NA,NA,NA,NA,19,NA,NA,NA
76,1,1,1,0,"Hispanic",0,100,NA,NA,NA,NA,29,NA,NA,NA
64,1,1,1,0,"Hispanic",0,50,NA,NA,NA,NA,0,NA,NA,NA
41,0,0,0,0,"Hispanic",0,41,NA,NA,NA,NA,0,NA,NA,NA
43,1,1,1,0,"African American",1,0,NA,NA,NA,NA,100,NA,NA,NA
19,1,1,0,0,"African American",1,0,NA,NA,NA,NA,100,NA,NA,NA
69,0,1,1,0,"Hispanic",1,50,NA,NA,NA,NA,100,NA,NA,NA
69,1,1,1,0,"Hispanic",1,50,NA,NA,NA,NA,100,NA,NA,NA
60,0,1,1,1,"Caucasian",0,50,NA,NA,NA,NA,61,NA,NA,NA
60,1,1,0,1,"Hispanic",0,36,NA,NA,NA,NA,50,NA,NA,NA
69,0,1,1,1,"Caucasian",1,100,NA,NA,NA,NA,81,NA,NA,NA
23,1,1,0,0,"Hispanic",0,100,NA,NA,NA,NA,82,NA,NA,NA
47,1,1,1,0,"Caucasian",0,50,50,50,50,50,86,75,72,74
53,0,1,1,1,"Hispanic",1,100,NA,NA,NA,NA,93,NA,NA,NA
42,0,0,0,1,"Hispanic",1,100,NA,NA,NA,NA,93,NA,NA,NA
68,1,0,1,1,"Hispanic",1,50,30,63,50,50,82,50,81,80
25,1,1,0,0,"Hispanic",0,50,NA,NA,NA,NA,0,NA,NA,NA
69,1,0,1,1,"Caucasian",1,50,50,100,50,79,95,90,85,50
50,0,1,1,1,"Hispanic",0,0,NA,NA,NA,NA,0,NA,NA,NA
51,0,1,1,0,"Hispanic",0,0,15,6,6,2,0,0,8,50
72,0,1,0,0,"Caucasian",1,0,25,30,30,40,100,100,100,80
59,1,0,1,0,"Caucasian",0,100,84,100,50,NA,50,50,50,NA
69,0,1,1,1,"Hispanic",0,0,0,0,0,0,0,50,0,50
66,1,1,1,1,"Hispanic",0,50,0,23,10,NA,0,0,0,NA
34,1,1,1,0,"Hispanic",1,62,NA,NA,NA,NA,50,NA,NA,NA
69,0,1,1,0,"Caucasian",0,29,NA,NA,NA,NA,50,NA,NA,NA
29,0,0,1,1,"Hispanic",0,50,NA,NA,NA,NA,60,NA,NA,NA
34,1,0,1,1,"Hispanic",0,50,NA,NA,NA,NA,50,NA,NA,NA
42,1,1,1,0,"Caucasian",0,50,NA,NA,NA,NA,10,NA,NA,NA
64,1,1,1,0,"Caucasian",1,50,85,60,50,50,5,50,0,50
23,1,0,0,1,"Hispanic",0,100,NA,NA,NA,NA,50,NA,NA,NA
56,0,1,1,1,"Hispanic",0,50,NA,NA,NA,NA,21,NA,NA,NA
39,1,1,1,0,"Hispanic",0,100,NA,NA,NA,NA,100,NA,NA,NA
47,0,1,1,0,"Hispanic",1,50,50,50,50,79,50,50,50,92
54,1,1,1,1,"Hispanic",0,100,NA,NA,NA,NA,59,NA,NA,NA
24,1,0,1,1,"African American",1,50,NA,NA,NA,NA,100,NA,NA,NA
80,1,1,1,1,"Caucasian",1,50,NA,NA,NA,NA,100,NA,NA,NA
39,0,1,1,0,"Caucasian",1,100,NA,NA,NA,NA,100,NA,NA,NA
38,0,1,1,0,"Caucasian",1,84,NA,NA,NA,NA,100,NA,NA,NA
52,0,1,0,1,"Hispanic",1,50,NA,NA,NA,NA,80,NA,NA,NA
50,1,1,1,1,"Hispanic",1,100,NA,NA,NA,NA,100,NA,NA,NA
41,0,0,0,1,"Caucasian",0,16,50,23,30,13,0,50,0,12
38,1,1,1,1,"African American",1,0,75,10,10,50,100,50,100,50
43,0,1,1,1,"Caucasian",1,100,100,100,100,NA,100,100,100,NA
43,1,1,1,1,"Caucasian",1,77,99,78,78,100,81,28,100,89
43,1,1,1,1,"Caucasian",1,100,99,50,97,96,81,91,96,97
30,0,1,1,0,"Hispanic",0,71,50,84,89,92,62,50,71,74
28,1,1,1,0,"Hispanic",0,50,76,95,100,NA,50,50,78,NA
76,1,1,0,1,"Hispanic",0,67,NA,NA,NA,NA,41,NA,NA,NA
54,1,1,1,1,"Hispanic",0,100,NA,NA,NA,NA,75,NA,NA,NA
36,0,1,1,1,"Hispanic",1,50,65,80,75,80,70,80,85,50
54,1,1,0,1,"Hispanic",0,60,NA,NA,NA,NA,50,NA,NA,NA
21,1,0,1,1,"Hispanic",0,62,NA,NA,NA,NA,70,NA,NA,NA
53,1,0,0,1,"Hispanic",0,50,NA,NA,NA,NA,80,NA,NA,NA
55,1,1,1,0,"Hispanic",1,50,NA,NA,NA,NA,50,NA,NA,NA
61,1,1,1,1,"Caucasian",0,100,82,93,89,100,92,100,95,50
65,1,1,1,0,"Caucasian",1,100,NA,NA,NA,NA,100,NA,NA,NA
63,1,1,1,1,"Caucasian",0,70,NA,NA,NA,NA,10,NA,NA,NA
21,1,0,0,0,"Caucasian",0,69,NA,NA,NA,NA,50,NA,NA,NA
25,0,0,0,0,"African American",0,50,NA,NA,NA,NA,80,NA,NA,NA
52,1,0,1,0,"African American",1,40,NA,NA,NA,NA,100,NA,NA,NA
26,1,0,1,1,"African American",1,34,NA,NA,NA,NA,81,NA,NA,NA
19,0,0,0,1,"African American",1,9,NA,NA,NA,NA,100,NA,NA,NA
80,0,1,0,1,"Caucasian",0,50,50,50,40,50,18,21,9,23
37,1,1,1,1,"Hispanic",1,100,100,95,100,100,100,100,50,100
40,1,1,1,0,"Hispanic",1,100,NA,NA,NA,NA,100,NA,NA,NA
47,1,1,1,0,"Hispanic",0,100,100,100,100,NA,0,0,0,NA
47,0,1,1,0,"Caucasian",0,74,50,100,50,100,30,50,50,19
65,1,0,1,0,"Hispanic",0,50,NA,NA,NA,NA,19,NA,NA,NA
26,1,1,1,0,"Hispanic",1,100,NA,NA,NA,NA,100,NA,NA,NA
25,0,1,1,1,"Hispanic",0,64,NA,NA,NA,NA,38,NA,NA,NA
64,0,1,1,0,"Caucasian",0,50,NA,NA,NA,NA,10,NA,NA,NA
31,1,0,1,1,"African American",1,100,NA,NA,NA,NA,100,NA,NA,NA
41,1,1,1,1,"African American",0,36,NA,NA,NA,NA,100,NA,NA,NA
55,1,1,1,0,"Caucasian",0,40,50,50,50,50,61,50,50,62
38,1,1,1,0,"African American",1,50,NA,NA,NA,NA,100,NA,NA,NA
29,0,0,0,1,"African American",1,71,NA,NA,NA,NA,89,NA,NA,NA
71,1,1,1,0,"Caucasian",1,88,NA,NA,NA,NA,100,NA,NA,NA
23,1,1,1,0,"African American",1,0,NA,NA,NA,NA,83,NA,NA,NA
63,1,1,1,0,"Caucasian",0,29,NA,NA,NA,NA,0,NA,NA,NA
62,0,1,1,0,"Caucasian",1,32,NA,NA,NA,NA,10,NA,NA,NA
73,1,1,1,1,"Caucasian",1,100,NA,NA,NA,NA,32,NA,NA,NA
68,0,1,1,0,"Caucasian",1,50,NA,NA,NA,NA,50,NA,NA,NA
53,0,0,1,1,"African American",1,44,NA,NA,NA,NA,99,NA,NA,NA
29,1,1,1,1,"Hispanic",1,50,NA,NA,NA,NA,100,NA,NA,NA
20,1,0,0,1,"African American",1,71,NA,NA,NA,NA,100,NA,NA,NA
61,1,1,1,1,"African American",1,50,NA,NA,NA,NA,100,NA,NA,NA
37,0,0,1,0,"Caucasian",0,76,NA,NA,NA,NA,50,NA,NA,NA
51,1,1,1,0,"Hispanic",0,50,50,NA,91,100,0,50,NA,0
40,1,1,1,0,"African American",1,100,NA,NA,NA,NA,100,NA,NA,NA
19,1,0,0,0,"African American",0,56,NA,NA,NA,NA,80,NA,NA,NA
43,0,0,1,0,"African American",1,50,NA,NA,NA,NA,80,NA,NA,NA
51,1,1,1,1,"African American",1,97,NA,NA,NA,NA,98,NA,NA,NA
27,0,0,1,1,"African American",0,50,NA,NA,NA,NA,100,NA,NA,NA
68,0,1,1,1,"Caucasian",0,0,5,50,20,NA,0,50,11,NA
25,1,1,1,1,"Hispanic",1,0,NA,NA,NA,NA,100,NA,NA,NA
47,1,0,1,1,"African American",1,0,NA,NA,NA,NA,100,NA,NA,NA
32,0,1,1,0,"Hispanic",1,43,NA,NA,NA,NA,100,NA,NA,NA
38,1,0,1,0,"Hispanic",0,50,NA,NA,NA,NA,90,NA,NA,NA
49,1,1,1,1,"African American",1,84,96,97,100,97,100,100,100,100
26,0,0,1,1,"African American",1,91,100,100,97,NA,100,100,50,NA
20,1,0,1,1,"African American",1,100,100,100,100,NA,100,100,100,NA
44,0,1,1,0,"African American",0,9,NA,NA,NA,NA,98,NA,NA,NA
66,1,1,1,1,"African American",1,50,NA,NA,NA,NA,100,NA,NA,NA
26,1,1,0,0,"African American",1,50,NA,NA,NA,NA,100,NA,NA,NA
59,0,1,1,0,"Hispanic",0,0,NA,NA,NA,NA,0,NA,NA,NA
77,0,1,1,1,"Hispanic",1,35,NA,NA,NA,NA,100,NA,NA,NA
72,1,0,1,1,"Hispanic",1,50,NA,NA,NA,NA,19,NA,NA,NA
30,1,1,1,1,"African American",1,0,NA,NA,NA,NA,100,NA,NA,NA
21,1,0,1,1,"Hispanic",1,100,NA,NA,NA,NA,85,NA,NA,NA
73,1,0,0,1,"Hispanic",0,50,NA,NA,NA,NA,76,NA,NA,NA
31,1,1,1,0,"Caucasian",1,100,NA,NA,NA,NA,100,NA,NA,NA
20,1,0,1,0,"Caucasian",1,50,NA,NA,NA,NA,50,NA,NA,NA
41,0,0,1,0,"African American",1,100,100,100,100,100,100,50,50,100
17,1,0,0,1,"Hispanic",1,83,NA,NA,NA,NA,100,NA,NA,NA
16,0,0,0,1,"Hispanic",1,88,NA,NA,NA,NA,100,NA,NA,NA
51,1,0,1,0,"Hispanic",1,50,100,NA,50,50,71,80,NA,70
24,0,0,0,0,"Hispanic",1,79,51,71,50,50,89,50,50,91
60,1,1,1,1,"African American",1,100,NA,NA,NA,NA,100,NA,NA,NA
47,1,1,1,0,"African American",1,50,97,91,85,85,100,100,100,99
30,1,0,1,1,"Caucasian",0,0,49,22,16,26,0,0,50,0
59,1,1,1,1,"Hispanic",0,18,NA,70,NA,50,30,NA,50,60
67,0,1,1,1,"Caucasian",0,50,NA,NA,NA,NA,88,NA,NA,NA
23,0,0,1,0,"Hispanic",0,45,51,50,50,50,85,73,70,50
20,1,0,0,0,"Hispanic",0,85,68,74,50,NA,82,69,65,NA
53,0,0,0,1,"Hispanic",1,50,NA,61,50,50,100,NA,50,50
64,1,1,1,1,"Hispanic",0,50,NA,NA,NA,NA,71,NA,NA,NA
29,1,1,1,0,"Hispanic",1,74,NA,NA,NA,NA,100,NA,NA,NA
38,1,1,1,1,"African American",1,60,NA,NA,NA,NA,100,NA,NA,NA
62,0,1,1,1,"Caucasian",1,50,NA,NA,NA,NA,100,NA,NA,NA
32,1,1,1,1,"Hispanic",1,80,NA,NA,NA,NA,90,NA,NA,NA
42,1,1,1,1,"Caucasian",1,19,NA,NA,NA,NA,0,NA,NA,NA
63,1,1,1,0,"Caucasian",0,52,NA,NA,NA,NA,79,NA,NA,NA
68,1,1,1,0,"African American",1,43,NA,NA,NA,NA,100,NA,NA,NA
35,1,1,1,0,"Caucasian",0,50,NA,NA,NA,NA,2,NA,NA,NA
71,1,1,1,0,"African American",1,0,NA,NA,NA,NA,100,NA,NA,NA
18,1,0,0,0,"African American",1,100,NA,NA,NA,NA,100,NA,NA,NA
26,1,1,1,0,"African American",1,100,NA,NA,NA,NA,100,NA,NA,NA
22,1,0,0,0,"Hispanic",0,0,NA,NA,NA,NA,52,NA,NA,NA
19,1,0,0,0,"Hispanic",0,23,NA,NA,NA,NA,50,NA,NA,NA
56,1,0,1,0,"Caucasian",1,50,50,50,50,50,50,50,50,50
84,1,1,1,1,"Hispanic",0,50,NA,NA,NA,NA,26,NA,NA,NA
25,1,0,0,1,"Hispanic",1,100,96,50,50,50,100,50,50,50
19,0,1,0,1,"Hispanic",0,80,79,80,80,80,20,80,81,31
31,1,0,1,0,"Hispanic",0,25,NA,NA,NA,NA,15,NA,NA,NA
54,1,1,1,0,"African American",1,50,NA,NA,NA,NA,50,NA,NA,NA
44,0,1,1,0,"Hispanic",0,38,NA,NA,NA,NA,0,NA,NA,NA
43,1,1,1,0,"Hispanic",0,49,NA,NA,NA,NA,0,NA,NA,NA
68,1,1,1,1,"Asian",1,50,NA,NA,NA,NA,90,NA,NA,NA
32,1,1,1,1,"African American",0,100,NA,NA,NA,NA,95,NA,NA,NA
61,1,1,1,0,"African American",1,1,NA,NA,NA,NA,100,NA,NA,NA
43,1,1,1,0,"African American",1,100,NA,NA,NA,NA,100,NA,NA,NA
59,0,0,0,1,"Caucasian",0,50,NA,NA,NA,NA,40,NA,NA,NA
63,1,1,1,1,"Hispanic",0,30,NA,NA,NA,NA,10,NA,NA,NA
48,1,0,1,1,"Hispanic",0,50,NA,NA,NA,NA,50,NA,NA,NA
39,1,0,1,1,"African American",1,100,NA,NA,NA,NA,100,NA,NA,NA
49,0,1,1,1,"Hispanic",0,50,NA,NA,NA,NA,0,NA,NA,NA
39,1,1,1,1,"Hispanic",0,50,NA,NA,NA,NA,0,NA,NA,NA
60,1,1,1,0,"African American",1,11,NA,NA,NA,NA,100,NA,NA,NA
35,0,1,1,0,"Hispanic",1,100,NA,NA,NA,NA,82,NA,NA,NA
18,1,0,0,0,"African American",0,50,NA,NA,NA,NA,87,NA,NA,NA
45,1,0,1,0,"African American",0,7,NA,NA,NA,NA,81,NA,NA,NA
48,1,1,1,0,"African American",1,50,50,80,50,50,50,97,100,50
72,1,1,1,0,"Caucasian",1,49,NA,NA,NA,NA,97,NA,NA,NA
66,1,1,1,1,"African American",0,50,NA,NA,NA,NA,100,NA,NA,NA
34,0,1,1,1,"African American",1,100,NA,NA,NA,NA,100,NA,NA,NA
65,0,1,1,0,"Hispanic",0,50,NA,NA,NA,NA,100,NA,NA,NA
28,1,1,1,0,"African American",1,50,50,50,100,100,88,50,50,50
53,1,1,1,0,"African American",1,50,100,100,100,100,100,100,100,100
51,0,1,1,0,"Hispanic",0,50,NA,NA,NA,NA,0,NA,NA,NA
43,1,0,1,1,"Hispanic",0,0,NA,NA,NA,NA,9,NA,NA,NA
43,0,0,1,1,"Hispanic",0,0,NA,NA,NA,NA,0,NA,NA,NA
58,1,1,1,1,"Hispanic",0,0,100,50,100,NA,100,100,100,NA
32,1,0,1,0,"African American",1,50,NA,NA,NA,NA,100,NA,NA,NA
33,0,1,0,1,"Hispanic",0,100,NA,NA,NA,NA,100,NA,NA,NA
44,0,0,1,0,"Hispanic",0,0,NA,NA,NA,NA,100,NA,NA,NA
40,1,1,1,0,"Hispanic",0,50,50,50,50,51,0,0,0,50
41,0,1,1,0,"Hispanic",0,100,51,69,50,NA,0,50,0,NA
68,1,1,1,0,"Hispanic",0,100,64,50,50,NA,0,0,0,NA
35,1,0,1,1,"African American",1,50,NA,NA,NA,NA,100,NA,NA,NA
25,1,1,1,0,"African American",1,10,NA,NA,NA,NA,100,NA,NA,NA
19,0,0,0,0,"African American",1,7,NA,NA,NA,NA,100,NA,NA,NA
56,1,1,1,1,"African American",1,50,50,56,59,50,98,100,50,100
66,1,1,1,1,"Caucasian",1,100,NA,NA,NA,NA,93,NA,NA,NA
42,0,1,1,1,"Caucasian",0,100,NA,NA,NA,NA,93,NA,NA,NA
34,0,1,1,0,"African American",1,15,NA,NA,NA,NA,100,NA,NA,NA
50,0,1,1,0,"Caucasian",1,50,50,50,NA,NA,81,100,100,NA
51,0,1,1,0,"Hispanic",0,50,50,50,50,NA,9,7,18,NA
19,1,1,0,0,"Hispanic",0,9,30,NA,19,NA,57,70,NA,NA
64,1,0,1,0,"African American",1,0,NA,NA,NA,NA,100,NA,NA,NA
44,0,0,0,0,"African American",1,0,NA,NA,NA,NA,100,NA,NA,NA
50,1,0,1,0,"African American",1,81,NA,NA,NA,NA,85,NA,NA,NA
53,1,1,1,1,"African American",1,33,NA,NA,NA,NA,74,NA,NA,NA
41,1,1,1,0,"Caucasian",0,5,37,50,38,42,21,50,1,50
19,1,0,0,0,"Caucasian",0,45,50,46,45,47,45,50,50,45
55,1,1,1,0,"African American",1,50,NA,NA,NA,NA,100,NA,NA,NA
60,0,1,1,0,"African American",0,61,NA,NA,NA,NA,100,NA,NA,NA
23,0,0,1,0,"African American",1,50,23,27,20,NA,87,100,50,NA
70,0,1,1,0,"African American",1,50,93,21,34,8,88,50,100,100
51,1,1,1,0,"African American",1,50,20,18,38,NA,92,100,100,NA
32,0,0,1,1,"African American",1,50,50,50,NA,NA,50,100,50,NA
53,1,1,1,1,"African American",1,0,NA,NA,NA,NA,100,NA,NA,NA
23,1,0,0,1,"Hispanic",0,50,NA,NA,NA,NA,93,NA,NA,NA
36,1,1,1,1,"African American",1,50,NA,NA,NA,NA,100,NA,NA,NA
66,0,1,1,0,"Hispanic",1,0,NA,NA,NA,NA,50,NA,NA,NA
24,0,1,1,1,"African American",1,50,NA,NA,NA,NA,50,NA,NA,NA
55,1,1,1,1,"African American",1,50,NA,NA,NA,NA,100,NA,NA,NA
22,0,0,0,1,"African American",1,35,NA,NA,NA,NA,61,NA,NA,NA
59,1,1,1,1,"Hispanic",1,50,NA,NA,NA,NA,100,NA,NA,NA
40,1,1,1,1,"African American",1,100,NA,NA,NA,NA,100,NA,NA,NA
25,1,1,1,0,"Hispanic",0,0,NA,NA,NA,NA,30,NA,NA,NA
20,1,0,1,1,"Hispanic",0,60,NA,NA,NA,NA,40,NA,NA,NA
58,0,1,1,0,"African American",1,34,NA,NA,NA,NA,95,NA,NA,NA
71,0,1,1,0,"Caucasian",1,82,50,75,50,75,96,90,95,90
39,1,1,1,1,"Hispanic",0,0,NA,NA,NA,NA,8,NA,NA,NA
42,0,0,1,1,"African American",0,49,NA,NA,NA,NA,50,NA,NA,NA
23,0,1,0,0,"African American",0,96,NA,NA,NA,NA,93,NA,NA,NA
58,0,1,0,1,"Hispanic",0,5,NA,NA,NA,NA,60,NA,NA,NA
28,1,1,1,1,"Hispanic",0,4,NA,NA,NA,NA,70,NA,NA,NA
37,0,1,1,1,"African American",1,43,73,69,64,50,95,99,87,64
23,1,0,0,0,"Caucasian",0,50,50,NA,NA,50,100,100,NA,50
49,0,1,1,0,"African American",1,90,61,60,82,90,95,50,100,50
29,1,0,0,0,"African American",1,50,75,NA,NA,NA,100,100,NA,NA
45,1,0,0,1,"Hispanic",0,0,0,0,0,0,100,84,84,75
52,1,1,1,1,"African American",1,70,85,92,90,NA,100,100,100,NA
20,0,0,0,1,"African American",1,100,50,83,100,NA,100,100,100,NA
73,0,1,1,1,"African American",1,86,50,0,30,50,100,100,100,100
63,0,1,1,1,"African American",1,0,NA,NA,NA,NA,78,NA,NA,NA
30,1,1,1,1,"African American",1,6,NA,NA,NA,NA,94,NA,NA,NA
31,1,0,0,0,"Hispanic",0,100,NA,NA,NA,NA,18,NA,NA,NA
30,1,0,1,0,"Hispanic",0,45,NA,NA,NA,NA,81,NA,NA,NA
77,0,1,1,0,"Caucasian",1,100,NA,NA,NA,NA,100,NA,NA,NA
67,1,1,1,0,"Caucasian",1,90,NA,NA,NA,NA,91,NA,NA,NA
29,1,0,0,0,"Caucasian",0,11,NA,NA,NA,NA,51,NA,NA,NA
19,0,0,0,1,"African American",1,19,NA,NA,NA,NA,67,NA,NA,NA
21,1,1,1,0,"African American",1,63,NA,NA,NA,NA,90,NA,NA,NA
27,0,1,1,1,"Hispanic",1,0,NA,NA,NA,NA,100,NA,NA,NA
37,1,1,1,1,"African American",1,50,22,50,20,50,98,92,96,98
19,0,0,0,1,"African American",0,50,27,8,19,NA,100,46,50,NA
55,0,1,1,1,"African American",1,50,NA,NA,NA,NA,100,NA,NA,NA
43,1,0,1,0,"Hispanic",1,50,NA,NA,NA,NA,50,NA,NA,NA
57,0,0,0,0,"Hispanic",0,50,NA,NA,NA,NA,50,NA,NA,NA
65,0,1,1,1,"Caucasian",1,65,NA,NA,NA,NA,91,NA,NA,NA
46,0,1,1,1,"Caucasian",1,79,NA,NA,NA,NA,62,NA,NA,NA
54,0,1,1,1,"Caucasian",1,90,NA,NA,NA,NA,80,NA,NA,NA
73,0,1,1,0,"African American",1,50,NA,NA,NA,NA,100,NA,NA,NA
24,1,1,1,0,"African American",1,90,NA,NA,NA,NA,100,NA,NA,NA
20,0,1,1,0,"African American",1,0,NA,NA,NA,NA,100,NA,NA,NA
66,0,1,1,0,"Caucasian",0,50,NA,NA,NA,NA,86,NA,NA,NA
20,0,1,0,1,"Hispanic",1,93,NA,NA,NA,NA,100,NA,NA,NA
19,0,1,0,0,"African American",1,100,NA,NA,NA,NA,100,NA,NA,NA
44,0,1,1,0,"Hispanic",0,50,NA,NA,NA,NA,0,NA,NA,NA
63,0,0,1,1,"African American",1,50,NA,NA,NA,NA,100,NA,NA,NA
22,1,1,1,1,"African American",0,50,NA,NA,NA,NA,71,NA,NA,NA
25,0,1,1,1,"African American",1,50,100,100,78,79,81,50,100,90
66,1,1,1,0,"Caucasian",0,100,NA,NA,NA,NA,90,NA,NA,NA
48,0,0,1,1,"Caucasian",1,50,50,53,50,NA,72,50,91,NA
57,1,0,1,1,"Caucasian",1,50,50,50,50,50,71,50,50,73
58,0,1,1,1,"Caucasian",1,100,NA,NA,NA,NA,100,NA,NA,NA
65,0,1,1,0,"African American",1,50,93,NA,53,50,94,100,NA,50
21,0,0,1,0,"African American",1,50,NA,NA,NA,NA,100,NA,NA,NA
43,1,1,1,0,"African American",1,50,NA,NA,NA,NA,100,NA,NA,NA
58,1,1,1,0,"African American",1,51,50,50,50,50,100,100,50,50
21,1,0,1,0,"African American",0,50,86,50,50,50,86,77,60,50
63,1,1,1,1,"African American",1,50,NA,NA,NA,NA,50,NA,NA,NA
64,1,1,1,1,"African American",1,50,NA,NA,NA,NA,100,NA,NA,NA
73,1,1,1,1,"African American",1,0,20,30,30,NA,50,50,30,NA
53,1,1,1,1,"African American",1,0,20,25,30,50,76,90,70,50
61,1,1,1,0,"African American",1,100,NA,NA,NA,NA,100,NA,NA,NA
37,1,1,1,0,"African American",1,85,NA,NA,NA,NA,93,NA,NA,NA
22,0,0,1,1,"Hispanic",1,50,NA,NA,NA,NA,96,NA,NA,NA
55,1,0,0,1,"African American",1,100,NA,NA,NA,NA,100,NA,NA,NA
33,1,0,0,1,"African American",1,50,NA,NA,NA,NA,100,NA,NA,NA
72,1,0,1,0,"African American",1,50,NA,NA,NA,NA,100,NA,NA,NA
19,1,0,0,1,"African American",1,50,NA,NA,NA,NA,100,NA,NA,NA
38,1,0,1,1,"African American",1,50,NA,NA,NA,NA,100,NA,NA,NA
34,1,1,1,0,"African American",0,9,NA,NA,NA,NA,78,NA,NA,NA
38,0,0,1,0,"African American",1,0,NA,NA,NA,NA,84,NA,NA,NA
46,0,1,1,0,"African American",1,39,NA,NA,NA,NA,100,NA,NA,NA
45,1,1,1,0,"African American",0,100,NA,NA,NA,NA,100,NA,NA,NA
70,1,1,1,1,"African American",1,50,NA,NA,NA,NA,98,NA,NA,NA
38,1,1,1,1,"African American",0,50,NA,NA,NA,NA,90,NA,NA,NA
19,0,1,0,1,"African American",1,50,19,50,50,50,100,100,100,50
30,0,1,1,1,"Caucasian",1,50,NA,NA,NA,NA,90,NA,NA,NA
66,1,1,1,0,"African American",1,36,NA,NA,NA,NA,100,NA,NA,NA
75,1,1,1,1,"African American",1,50,NA,NA,NA,NA,100,NA,NA,NA
56,1,1,1,0,"African American",1,11,NA,NA,NA,NA,53,NA,NA,NA
20,1,0,0,1,"African American",1,100,NA,NA,NA,NA,100,NA,NA,NA
68,1,1,1,1,"African American",1,0,NA,NA,NA,NA,100,NA,NA,NA
45,1,0,1,1,"African American",1,46,NA,NA,NA,NA,84,NA,NA,NA
45,1,1,1,1,"African American",1,100,0,NA,NA,NA,100,100,NA,NA
19,1,0,0,1,"African American",1,100,100,NA,NA,NA,100,50,NA,NA
69,1,1,1,0,"African American",1,50,NA,NA,NA,NA,91,NA,NA,NA
77,0,1,1,0,"African American",1,50,NA,NA,NA,NA,97,NA,NA,NA
24,1,1,1,1,"African American",1,50,100,90,50,50,100,100,100,100
30,0,1,1,1,"Native American",1,0,51,50,17,NA,100,100,50,NA
41,1,1,1,1,"African American",1,50,100,50,50,NA,100,100,100,NA
66,1,1,1,0,"African American",0,100,NA,85,NA,83,99,NA,85,53
71,1,0,1,0,"African American",1,50,50,50,50,50,50,50,50,50
35,1,0,0,0,"African American",1,50,50,50,50,50,50,50,50,50
32,1,0,1,0,"African American",1,50,NA,NA,NA,NA,100,NA,NA,NA
56,1,1,1,0,"African American",1,100,NA,NA,NA,NA,100,NA,NA,NA
61,0,1,1,0,"African American",1,50,NA,NA,NA,NA,100,NA,NA,NA
21,1,0,1,0,"African American",0,50,NA,NA,NA,NA,100,NA,NA,NA
18,0,0,0,0,"African American",1,73,NA,NA,NA,NA,100,NA,NA,NA
21,1,1,1,0,"Hispanic",1,80,NA,NA,NA,NA,88,NA,NA,NA
53,0,1,1,0,"Hispanic",0,40,NA,NA,NA,NA,38,NA,NA,NA
39,1,0,0,0,"Hispanic",0,37,NA,NA,NA,NA,68,NA,NA,NA
36,0,1,1,1,"African American",1,80,NA,NA,NA,NA,100,NA,NA,NA
35,1,0,1,0,"Hispanic",0,50,NA,NA,NA,NA,50,NA,NA,NA
65,1,0,1,0,"African American",1,30,35,30,30,8,50,95,50,50
24,1,0,1,0,"Hispanic",0,50,40,43,46,NA,78,60,59,NA
52,1,1,1,0,"African American",1,50,NA,NA,NA,NA,100,NA,NA,NA
27,0,0,0,0,"African American",1,100,NA,NA,NA,NA,100,NA,NA,NA
89,1,1,1,0,"Hispanic",1,50,50,50,50,NA,50,50,0,NA
18,1,0,0,0,"Caucasian",0,50,50,50,50,26,50,50,50,50
24,0,0,0,0,"Caucasian",0,50,20,50,50,NA,33,50,0,NA
36,1,1,1,1,"Hispanic",0,5,NA,NA,NA,NA,0,NA,NA,NA
64,1,1,1,1,"African American",1,83,74,97,78,85,100,50,50,100
45,0,1,1,1,"African American",1,50,NA,NA,NA,NA,84,NA,NA,NA
20,1,0,0,1,"African American",1,36,55,50,42,30,99,50,83,84
58,1,1,1,1,"Caucasian",1,50,NA,NA,NA,NA,40,NA,NA,NA
49,0,1,1,0,"African American",1,50,NA,NA,NA,NA,70,NA,NA,NA
56,0,1,1,0,"African American",1,40,50,NA,NA,NA,70,50,NA,NA
55,1,1,1,0,"African American",1,50,50,50,NA,50,79,77,50,68
61,1,1,1,0,"African American",1,1,NA,NA,NA,NA,100,NA,NA,NA
20,0,1,0,0,"African American",1,100,NA,NA,NA,NA,100,NA,NA,NA
50,0,1,1,1,"African American",0,51,NA,NA,NA,NA,50,NA,NA,NA
49,1,1,1,1,"African American",1,50,NA,NA,NA,NA,100,NA,NA,NA
67,0,1,1,0,"Caucasian",1,96,61,84,79,100,95,50,100,100
24,1,1,1,0,"Caucasian",1,50,66,78,60,NA,90,75,96,NA
33,0,0,0,1,"Hispanic",1,0,0,3,20,19,100,99,50,84
35,0,0,0,0,"Hispanic",0,50,NA,NA,NA,NA,100,NA,NA,NA
24,1,0,1,1,"Hispanic",1,50,NA,NA,NA,NA,50,NA,NA,NA
35,1,1,1,0,"Native American",1,100,NA,NA,NA,NA,100,NA,NA,NA
27,0,1,1,0,"Hispanic",1,50,NA,NA,NA,NA,50,NA,NA,NA
65,1,1,1,0,"African American",1,24,3,50,NA,32,100,50,100,100
26,1,1,1,0,"African American",1,29,12,25,NA,NA,100,100,100,NA
52,0,1,1,1,"Hispanic",0,0,0,0,5,0,0,0,0,50
85,1,1,1,1,"Hispanic",0,0,0,0,0,NA,0,0,0,NA
33,1,1,1,1,"African American",1,100,NA,NA,NA,NA,100,NA,NA,NA
46,1,0,1,0,"Hispanic",0,100,NA,NA,NA,NA,30,NA,NA,NA
52,0,0,1,0,"Hispanic",0,77,NA,NA,NA,NA,16,NA,NA,NA
47,0,1,1,1,"Hispanic",0,50,NA,NA,NA,NA,50,NA,NA,NA
36,1,1,1,1,"Hispanic",1,50,50,82,50,NA,50,60,61,NA
19,0,0,0,1,"African American",1,42,50,50,50,NA,70,71,50,NA
22,1,0,1,1,"African American",0,62,79,58,66,59,86,65,69,50
51,1,1,0,1,"African American",1,76,50,NA,NA,NA,87,50,NA,NA
26,1,0,1,1,"Hispanic",1,50,50,100,64,50,42,50,50,50
68,0,1,1,1,"African American",1,0,NA,NA,NA,NA,100,NA,NA,NA
73,1,1,1,1,"African American",1,0,NA,NA,NA,NA,100,NA,NA,NA
58,0,1,1,0,"Hispanic",0,50,50,50,50,50,0,0,5,50
42,1,1,1,0,"African American",0,50,NA,NA,NA,NA,100,NA,NA,NA
45,0,0,1,0,"African American",1,90,53,53,50,50,100,100,100,100
35,0,1,1,1,"African American",1,0,NA,NA,NA,NA,50,NA,NA,NA
58,1,1,1,0,"African American",1,50,NA,NA,NA,NA,100,NA,NA,NA
58,1,0,1,0,"Hispanic",1,50,50,50,50,NA,50,50,50,NA
26,1,0,1,0,"Hispanic",0,50,100,NA,NA,NA,50,50,NA,NA
26,0,0,0,0,"African American",0,50,NA,NA,NA,NA,50,NA,NA,NA
54,1,1,1,0,"Hispanic",0,50,NA,NA,NA,NA,100,NA,NA,NA
24,0,1,0,0,"African American",0,26,NA,NA,NA,NA,50,NA,NA,NA
49,1,1,1,0,"Hispanic",0,50,NA,NA,NA,NA,50,NA,NA,NA
29,1,0,0,1,"Hispanic",0,87,NA,NA,NA,NA,71,NA,NA,NA
31,0,0,0,1,"Hispanic",0,76,NA,NA,NA,NA,60,NA,NA,NA
66,1,1,1,1,"African American",1,63,NA,NA,NA,NA,100,NA,NA,NA
67,0,1,1,1,"African American",1,59,NA,NA,NA,NA,100,NA,NA,NA
30,1,1,1,0,"Hispanic",0,0,NA,NA,NA,NA,0,NA,NA,NA
66,0,0,1,0,"Hispanic",0,55,NA,NA,NA,NA,49,NA,NA,NA
20,0,1,1,0,"African American",1,50,NA,40,50,NA,90,NA,50,NA
61,1,1,1,1,"African American",1,50,NA,50,NA,NA,50,NA,100,NA
33,0,0,1,1,"African American",1,67,NA,NA,NA,NA,100,NA,NA,NA
51,0,0,1,0,"African American",1,50,50,NA,50,50,50,50,NA,50
21,1,0,1,0,"African American",1,50,50,50,50,50,95,50,100,50
55,0,1,1,1,"Hispanic",0,50,NA,NA,NA,NA,40,NA,NA,NA
54,0,1,1,0,"Hispanic",1,100,NA,NA,NA,NA,90,NA,NA,NA
37,1,1,1,1,"African American",0,50,NA,NA,NA,NA,99,NA,NA,NA
32,1,1,1,0,"African American",1,0,NA,NA,23,NA,100,NA,NA,NA
28,1,1,1,0,"African American",1,50,NA,NA,NA,NA,50,NA,NA,NA
21,1,0,1,1,"African American",1,50,NA,NA,NA,NA,100,NA,NA,NA
32,1,1,1,1,"Hispanic",1,91,100,100,96,95,87,79,94,94
19,1,0,0,1,"Hispanic",1,61,NA,NA,NA,NA,100,NA,NA,NA
21,1,1,1,1,"Hispanic",1,56,NA,NA,NA,NA,96,NA,NA,NA
52,1,1,1,1,"Hispanic",1,50,NA,NA,NA,NA,100,NA,NA,NA
23,1,0,0,0,"African American",0,28,NA,NA,NA,NA,100,NA,NA,NA
46,1,1,1,1,"African American",1,50,NA,NA,NA,NA,82,NA,NA,NA
21,1,0,0,1,"African American",0,100,92,73,50,NA,50,100,50,NA
61,1,1,1,1,"African American",1,45,50,50,50,50,100,100,100,100
64,1,1,1,0,"African American",0,98,NA,NA,NA,NA,94,NA,NA,NA
52,0,0,0,1,"Hispanic",0,50,NA,NA,NA,NA,50,NA,NA,NA
59,1,0,1,0,"African American",1,50,71,50,62,93,100,98,93,100
45,1,1,0,1,"Caucasian",1,100,NA,NA,NA,NA,80,NA,NA,NA
58,1,1,1,1,"Hispanic",1,50,NA,NA,NA,NA,38,NA,NA,NA
66,0,1,1,1,"Caucasian",0,50,NA,NA,NA,NA,50,NA,NA,NA
22,1,1,1,0,"Hispanic",1,100,100,100,100,50,100,100,50,50
53,1,1,1,1,"African American",1,50,NA,NA,NA,NA,100,NA,NA,NA
54,1,1,1,0,"Hispanic",0,50,NA,NA,NA,NA,79,NA,NA,NA
24,0,0,0,0,"African American",0,84,NA,80,96,90,85,NA,85,93
78,1,0,0,0,"Hispanic",0,46,54,44,50,NA,100,100,98,NA
31,1,1,1,0,"Hispanic",0,83,73,90,79,NA,100,100,100,NA
54,0,0,0,0,"Hispanic",1,90,97,85,60,NA,78,95,88,NA
19,0,1,0,0,"Hispanic",0,100,NA,NA,NA,NA,85,NA,NA,NA
21,0,0,1,1,"African American",0,35,5,50,35,NA,90,100,100,NA
42,1,1,1,1,"African American",1,50,74,82,75,50,100,100,50,99
37,0,1,1,0,"Hispanic",1,50,76,92,80,76,50,50,50,50
67,0,1,1,0,"Hispanic",0,0,50,50,50,NA,19,40,50,NA
65,1,1,1,1,"African American",0,100,NA,NA,NA,NA,100,NA,NA,NA
46,0,0,0,1,"Caucasian",0,97,NA,NA,NA,NA,1,NA,NA,NA
68,1,0,0,1,"Caucasian",0,50,NA,NA,NA,NA,50,NA,NA,NA
48,1,0,0,1,"Caucasian",0,50,NA,NA,NA,NA,50,NA,NA,NA
67,1,1,1,1,"African American",1,50,NA,NA,NA,NA,82,NA,NA,NA
54,1,0,1,0,"Asian",1,50,NA,NA,NA,NA,65,NA,NA,NA
48,1,0,1,1,"African American",1,0,NA,NA,NA,NA,100,NA,NA,NA
44,1,0,1,1,"African American",1,50,NA,NA,NA,NA,100,NA,NA,NA
18,1,0,0,1,"African American",1,50,NA,NA,NA,NA,50,NA,NA,NA
56,1,1,1,1,"African American",1,50,50,50,52,NA,100,100,50,NA
60,0,1,1,1,"African American",1,59,50,50,50,50,100,84,72,100
56,0,0,0,1,"Hispanic",1,50,NA,NA,NA,NA,38,NA,NA,NA
21,0,0,0,1,"Hispanic",0,50,NA,NA,NA,NA,50,NA,NA,NA
22,0,1,1,0,"African American",0,50,NA,NA,NA,NA,100,NA,NA,NA
33,0,0,0,0,"Caucasian",1,0,NA,NA,NA,NA,100,NA,NA,NA
55,1,0,1,1,"Hispanic",1,100,100,100,100,NA,100,100,100,NA
78,1,1,1,0,"Caucasian",0,50,NA,NA,NA,NA,50,NA,NA,NA
55,0,1,1,1,"African American",0,76,NA,NA,NA,NA,100,NA,NA,NA
61,0,1,1,1,"Hispanic",0,24,NA,40,26,NA,12,NA,36,NA
25,0,1,1,1,"Hispanic",0,54,NA,27,28,34,56,NA,24,50
30,0,0,0,1,"Hispanic",0,24,NA,32,13,NA,8,NA,41,NA
77,0,1,1,1,"African American",1,50,NA,NA,NA,NA,100,NA,NA,NA
24,1,1,1,1,"African American",0,0,NA,NA,NA,NA,100,NA,NA,NA
67,1,1,1,0,"African American",1,10,NA,NA,NA,NA,100,NA,NA,NA
20,1,0,0,0,"African American",0,39,NA,NA,NA,NA,100,NA,NA,NA
49,0,0,0,0,"African American",1,0,NA,NA,NA,NA,100,NA,NA,NA
65,1,1,1,1,"African American",1,85,NA,NA,NA,NA,100,NA,NA,NA
42,1,0,1,0,"Hispanic",1,90,NA,NA,NA,NA,90,NA,NA,NA
21,1,0,1,0,"Hispanic",1,100,NA,NA,NA,NA,93,NA,NA,NA
30,1,1,1,1,"Hispanic",0,100,NA,NA,NA,NA,50,NA,NA,NA
32,0,0,0,1,"Hispanic",1,100,NA,NA,NA,NA,50,NA,NA,NA
23,1,1,1,1,"African American",1,50,NA,NA,NA,NA,85,NA,NA,NA
48,1,1,1,1,"African American",1,16,NA,NA,NA,NA,100,NA,NA,NA
20,1,1,0,1,"African American",1,50,NA,NA,NA,NA,100,NA,NA,NA
22,1,1,1,0,"African American",1,50,50,NA,NA,65,91,50,NA,50
72,0,1,1,0,"African American",1,50,50,NA,NA,NA,50,23,NA,NA
20,1,0,0,0,"African American",1,100,100,NA,NA,NA,100,50,NA,NA
35,1,1,1,1,"African American",1,50,NA,NA,NA,NA,100,NA,NA,NA
26,1,1,1,0,"Hispanic",1,0,NA,NA,NA,NA,85,NA,NA,NA
59,1,0,1,1,"African American",1,100,NA,NA,NA,NA,100,NA,NA,NA
68,1,1,1,0,"African American",0,29,50,50,25,NA,100,100,100,NA
73,0,1,1,0,"African American",0,16,50,50,50,50,100,50,100,50
61,1,1,1,0,"Hispanic",0,100,NA,NA,NA,NA,0,NA,NA,NA
50,1,1,1,0,"Hispanic",0,100,NA,NA,NA,NA,0,NA,NA,NA
57,0,1,0,0,"African American",1,0,NA,NA,NA,NA,100,NA,NA,NA
84,1,0,0,0,"African American",1,0,NA,NA,NA,NA,100,NA,NA,NA
28,0,0,0,0,"African American",0,45,NA,NA,NA,NA,50,NA,NA,NA
56,1,0,1,1,"Hispanic",1,100,NA,NA,NA,NA,72,NA,NA,NA
30,1,0,1,0,"Hispanic",0,50,NA,NA,NA,NA,60,NA,NA,NA
70,0,1,1,1,"Caucasian",0,50,NA,NA,NA,NA,69,NA,NA,NA
52,0,1,1,1,"Caucasian",1,50,NA,NA,NA,NA,50,NA,NA,NA
53,1,1,1,1,"Caucasian",1,50,NA,NA,NA,NA,50,NA,NA,NA
19,1,0,0,1,"Caucasian",1,90,NA,NA,NA,NA,80,NA,NA,NA
44,1,1,1,1,"Asian",1,50,NA,NA,NA,NA,50,NA,NA,NA
51,0,1,1,0,"Asian",0,50,54,50,50,50,50,50,27,50
34,1,1,1,1,"Hispanic",0,50,NA,NA,NA,NA,30,NA,NA,NA
59,1,1,1,0,"Hispanic",1,60,NA,NA,NA,NA,28,NA,NA,NA
19,1,1,0,0,"Hispanic",0,50,NA,NA,NA,NA,20,NA,NA,NA
21,0,0,1,0,"Hispanic",1,50,NA,NA,NA,NA,56,NA,NA,NA
50,0,0,0,0,"Caucasian",0,100,NA,NA,NA,NA,100,NA,NA,NA
40,1,1,1,1,"Hispanic",1,0,8,14,34,9,90,76,60,75
50,0,1,1,1,"Hispanic",1,50,42,50,50,NA,50,83,63,NA
26,0,1,1,0,"Caucasian",0,50,75,80,90,NA,0,50,0,NA
66,1,1,1,0,"Caucasian",0,50,50,70,62,61,28,22,30,50
45,1,1,1,0,"Hispanic",1,10,NA,NA,NA,NA,9,NA,NA,NA
49,1,1,1,1,"Hispanic",0,50,NA,NA,NA,NA,11,NA,NA,NA
60,1,1,1,0,"Caucasian",1,50,NA,NA,NA,NA,100,NA,NA,NA
31,0,1,1,0,"Hispanic",0,80,NA,NA,NA,NA,100,NA,NA,NA
50,1,1,1,1,"Caucasian",0,93,NA,NA,NA,NA,95,NA,NA,NA
53,0,1,1,1,"Caucasian",0,50,NA,NA,NA,NA,11,NA,NA,NA
54,0,1,1,0,"Caucasian",0,23,35,49,50,46,11,7,27,50
68,0,1,1,0,"Caucasian",0,50,43,72,55,65,0,3,40,45
61,0,0,1,1,"Hispanic",1,50,NA,NA,NA,NA,93,NA,NA,NA
59,1,1,1,0,"Hispanic",0,0,NA,NA,NA,NA,0,NA,NA,NA
29,0,0,1,1,"Hispanic",0,50,50,50,50,50,50,50,50,50
66,1,1,1,0,"Hispanic",1,50,NA,NA,NA,NA,94,NA,NA,NA
21,0,0,1,0,"Caucasian",1,50,NA,NA,NA,NA,97,NA,NA,NA
68,0,1,1,0,"Hispanic",1,0,NA,NA,NA,NA,97,NA,NA,NA
31,0,0,0,0,"Hispanic",1,0,NA,NA,NA,NA,90,NA,NA,NA
69,1,1,1,1,"Hispanic",0,28,NA,NA,NA,NA,1,NA,NA,NA
70,0,1,1,1,"Hispanic",0,3,NA,NA,NA,NA,0,NA,NA,NA
45,1,0,0,0,"Hispanic",0,20,NA,NA,NA,NA,50,NA,NA,NA
73,1,0,1,0,"Hispanic",1,50,NA,NA,NA,NA,82,NA,NA,NA
35,1,0,1,0,"Hispanic",1,50,NA,NA,NA,NA,67,NA,NA,NA
91,0,0,1,0,"Caucasian",1,50,NA,NA,NA,NA,50,NA,NA,NA
23,0,1,1,1,"Hispanic",0,50,50,50,50,50,60,58,55,50
53,0,0,1,0,"Hispanic",0,78,NA,NA,NA,NA,0,NA,NA,NA
52,1,0,1,0,"Hispanic",1,100,NA,NA,NA,NA,50,NA,NA,NA
24,1,1,1,1,"Hispanic",0,50,NA,NA,NA,NA,15,NA,NA,NA
36,1,1,1,1,"Hispanic",0,50,80,75,75,80,50,50,50,50
77,0,1,1,1,"Caucasian",1,50,100,76,50,100,100,100,100,100
78,0,1,1,1,"Caucasian",1,50,NA,NA,NA,NA,50,NA,NA,NA
73,1,1,1,1,"Caucasian",1,89,NA,NA,NA,NA,100,NA,NA,NA
65,0,1,1,1,"Caucasian",0,50,NA,NA,NA,NA,0,NA,NA,NA
61,1,1,1,0,"Hispanic",0,20,NA,NA,NA,NA,0,NA,NA,NA
32,1,0,0,0,"Hispanic",0,50,NA,NA,NA,NA,81,NA,NA,NA
72,0,1,1,1,"Caucasian",0,50,NA,NA,NA,NA,8,NA,NA,NA
39,1,0,1,1,"Hispanic",0,100,100,100,100,NA,100,93,100,NA
49,1,0,0,1,"Hispanic",0,70,100,100,100,100,33,22,69,100
63,1,1,1,1,"Caucasian",0,50,NA,NA,NA,NA,0,NA,NA,NA
66,0,1,1,1,"Caucasian",0,8,NA,NA,NA,NA,3,NA,NA,NA
65,1,1,1,1,"Hispanic",0,31,95,73,69,50,93,94,50,71
75,1,1,1,1,"Caucasian",0,50,100,58,50,97,99,50,100,50
73,0,1,1,0,"Caucasian",0,56,NA,NA,NA,NA,9,NA,NA,NA
24,1,0,1,0,"Hispanic",0,90,90,80,70,86,60,50,70,50
23,0,1,0,1,"Hispanic",1,100,NA,NA,NA,NA,86,NA,NA,NA
41,1,1,1,1,"Caucasian",1,50,NA,NA,NA,NA,97,NA,NA,NA
46,1,1,1,1,"Hispanic",1,100,NA,NA,NA,NA,100,NA,NA,NA
60,1,1,1,1,"Hispanic",1,50,50,50,50,50,50,100,100,100
60,1,1,0,1,"Caucasian",1,50,NA,NA,NA,NA,85,NA,NA,NA
71,1,1,1,1,"Hispanic",0,50,NA,NA,NA,NA,50,NA,NA,NA
71,1,1,1,1,"Hispanic",0,50,NA,NA,NA,NA,50,NA,NA,NA
49,0,0,0,1,"Hispanic",0,50,NA,NA,NA,NA,0,NA,NA,NA
55,0,0,0,0,"Asian",1,50,50,50,78,50,50,50,50,58
44,1,1,1,1,"Hispanic",0,50,76,47,68,50,89,77,50,50
69,1,0,0,1,"Hispanic",0,50,94,50,100,50,82,80,50,50
19,1,0,0,0,"Hispanic",0,100,NA,NA,NA,NA,100,NA,NA,NA
48,0,0,1,0,"Hispanic",0,50,NA,NA,NA,NA,67,NA,NA,NA
49,1,0,1,0,"Hispanic",0,50,NA,NA,NA,NA,80,NA,NA,NA
57,0,1,1,1,"Caucasian",1,50,NA,NA,NA,NA,100,NA,NA,NA
46,1,1,1,0,"Caucasian",1,92,84,78,88,89,76,84,50,80
73,0,1,0,0,"Hispanic",0,33,NA,NA,NA,NA,31,NA,NA,NA
27,1,0,0,1,"Hispanic",0,50,50,70,100,NA,100,100,100,NA
23,0,1,0,0,"Hispanic",0,100,NA,NA,NA,NA,30,NA,NA,NA
34,1,0,0,0,"Hispanic",0,100,88,80,80,88,50,50,70,50
33,0,0,1,0,"Hispanic",0,0,13,98,NA,NA,50,50,70,NA
23,1,1,1,0,"Hispanic",0,74,NA,NA,NA,NA,65,NA,NA,NA
34,1,0,0,0,"Hispanic",0,78,NA,NA,NA,NA,25,NA,NA,NA
48,0,0,1,0,"Hispanic",1,50,NA,NA,NA,NA,13,NA,NA,NA
74,0,0,0,0,"Hispanic",1,1,NA,NA,NA,NA,0,NA,NA,NA
31,1,1,1,1,"Hispanic",0,14,NA,NA,NA,NA,6,NA,NA,NA
31,0,1,1,1,"Hispanic",0,50,NA,NA,NA,NA,21,NA,NA,NA
68,0,1,1,1,"Caucasian",1,9,48,60,50,77,72,76,63,50
71,1,1,1,1,"Caucasian",1,64,76,62,70,NA,20,10,50,NA
51,1,0,0,1,"Caucasian",1,43,84,70,50,NA,60,20,50,NA
83,0,1,1,0,"Hispanic",0,68,NA,NA,NA,NA,83,NA,NA,NA
64,0,0,1,0,"Hispanic",0,50,17,50,50,61,81,50,50,94
58,1,0,1,0,"Hispanic",0,50,NA,NA,NA,NA,50,NA,NA,NA
53,1,1,1,0,"Hispanic",1,60,30,20,20,20,90,90,90,50
29,1,1,1,0,"Hispanic",1,30,20,20,20,NA,90,90,90,NA
51,1,1,1,0,"Hispanic",1,87,NA,NA,NA,NA,100,NA,NA,NA
48,1,1,1,0,"Hispanic",0,50,50,50,50,NA,50,50,50,NA
48,0,1,1,0,"Caucasian",0,50,50,50,50,50,50,50,50,50
18,0,0,0,1,"Caucasian",0,50,72,77,62,100,50,50,77,50
39,1,0,0,1,"Caucasian",0,50,50,61,87,NA,50,0,0,NA
63,0,1,1,0,"Caucasian",0,49,46,50,49,50,75,59,55,50
22,1,0,0,1,"Asian",1,41,58,60,64,NA,70,50,50,NA
64,0,0,1,1,"Asian",1,64,40,42,59,43,79,50,67,75
19,0,1,0,1,"Asian",1,85,83,80,67,NA,82,50,100,NA
23,0,1,1,0,"Hispanic",0,100,100,90,96,100,80,80,80,80
50,0,1,1,0,"Caucasian",0,94,82,90,83,92,72,50,82,72
71,1,0,0,1,"Hispanic",0,50,NA,NA,NA,NA,50,NA,NA,NA
45,1,0,0,1,"Hispanic",0,50,NA,NA,NA,NA,50,NA,NA,NA
48,0,0,0,1,"Hispanic",0,50,NA,NA,NA,NA,50,NA,NA,NA
29,0,0,0,1,"Hispanic",0,50,NA,NA,NA,NA,50,NA,NA,NA
25,0,0,0,1,"Hispanic",1,100,NA,NA,NA,NA,100,NA,NA,NA
44,1,0,0,0,"Caucasian",0,50,50,96,81,NA,50,38,28,NA
57,1,0,1,1,"Hispanic",1,0,50,50,NA,75,100,100,100,50
58,1,1,1,1,"Hispanic",1,51,100,100,100,73,50,32,50,50
77,1,1,0,0,"Hispanic",0,90,0,NA,NA,NA,87,50,NA,NA
63,0,0,1,1,"Hispanic",0,0,0,0,0,0,0,50,0,50
77,1,0,1,1,"Hispanic",0,0,0,0,0,NA,0,0,0,NA
70,1,1,1,0,"Hispanic",0,50,50,50,50,50,0,2,13,27
21,1,0,1,1,"Caucasian",0,91,NA,NA,NA,NA,90,NA,NA,NA
54,1,0,0,1,"Hispanic",0,80,NA,NA,NA,NA,90,NA,NA,NA
59,1,0,1,1,"Hispanic",0,50,NA,NA,NA,NA,50,NA,NA,NA
90,1,1,1,1,"Caucasian",1,50,50,50,50,50,50,50,50,50
26,1,0,0,1,"Hispanic",0,50,50,41,50,50,50,53,29,50
68,1,1,1,1,"Hispanic",0,50,NA,NA,NA,NA,0,NA,NA,NA
52,1,1,1,1,"Caucasian",0,50,NA,NA,NA,NA,29,NA,NA,NA
66,0,1,1,0,"Caucasian",0,50,NA,NA,NA,NA,30,NA,NA,NA
67,1,1,1,0,"Hispanic",0,20,0,13,36,14,19,4,0,10
70,0,1,1,1,"Hispanic",0,50,50,50,50,50,0,21,20,50
48,0,1,0,0,"Hispanic",1,41,NA,NA,NA,NA,93,NA,NA,NA
49,1,1,1,0,"Hispanic",1,50,NA,NA,NA,NA,95,NA,NA,NA
73,1,1,1,0,"Hispanic",1,86,NA,NA,NA,NA,51,NA,NA,NA
48,1,1,1,0,"Hispanic",1,45,NA,NA,NA,NA,70,NA,NA,NA
56,1,0,0,0,"Hispanic",0,91,NA,NA,NA,NA,91,NA,NA,NA
81,0,0,1,1,"Hispanic",0,47,50,50,51,NA,25,50,50,NA
60,1,1,1,1,"Hispanic",0,50,50,50,48,NA,50,64,36,NA
55,1,1,1,1,"Hispanic",0,14,3,10,30,NA,21,2,7,NA
63,0,1,1,1,"Hispanic",0,24,0,10,10,34,6,8,8,15
24,0,1,1,0,"Hispanic",0,50,NA,NA,NA,NA,81,NA,NA,NA
29,0,1,0,1,"Hispanic",1,12,NA,NA,NA,NA,94,NA,NA,NA
57,1,0,1,0,"Hispanic",0,37,41,38,50,57,91,90,66,50
22,0,0,1,0,"Hispanic",0,100,NA,NA,NA,NA,100,NA,NA,NA
67,0,1,1,0,"Hispanic",0,88,90,90,97,97,73,62,75,50
52,0,0,1,0,"Caucasian",0,12,27,36,15,30,28,17,29,58
63,1,0,1,0,"Caucasian",1,37,39,33,50,NA,8,8,25,NA
50,1,1,1,0,"Hispanic",1,100,NA,NA,NA,NA,100,NA,NA,NA
66,0,1,1,1,"Hispanic",0,60,NA,NA,NA,NA,75,NA,NA,NA
20,1,1,0,0,"Hispanic",0,100,100,100,100,100,0,0,0,0
47,1,1,1,0,"Hispanic",0,50,NA,95,50,NA,0,NA,50,NA
40,1,0,1,0,"Hispanic",0,100,100,100,100,100,50,50,92,66
43,0,1,1,1,"Caucasian",0,50,50,50,50,NA,85,50,50,NA
40,1,1,0,1,"Hispanic",0,50,86,70,86,50,50,50,50,50
72,1,1,1,0,"Caucasian",0,50,NA,NA,NA,NA,35,NA,NA,NA
60,0,1,1,1,"Hispanic",1,27,15,NA,NA,NA,100,100,NA,NA
21,0,0,1,0,"Caucasian",0,65,71,54,56,NA,91,71,71,NA
59,0,0,1,0,"Caucasian",1,50,0,50,50,35,50,50,80,74
62,1,1,1,1,"Caucasian",0,50,50,NA,NA,NA,0,6,NA,NA
38,0,1,1,0,"Hispanic",1,0,NA,NA,NA,NA,100,NA,NA,NA
29,1,0,0,0,"Caucasian",1,100,NA,NA,NA,NA,95,NA,NA,NA
45,1,1,1,1,"Hispanic",0,48,NA,NA,NA,NA,0,NA,NA,NA
52,0,1,1,1,"Hispanic",0,50,NA,NA,NA,NA,0,NA,NA,NA
20,0,0,0,1,"Hispanic",1,100,NA,NA,NA,NA,86,NA,NA,NA
21,1,0,0,1,"Hispanic",1,93,NA,NA,NA,NA,69,NA,NA,NA
57,1,1,1,0,"Hispanic",0,45,50,50,72,50,100,100,100,100
56,0,1,1,0,"Hispanic",1,50,NA,NA,NA,NA,100,NA,NA,NA
58,1,1,1,0,"Caucasian",1,50,NA,NA,NA,NA,92,NA,NA,NA
41,1,0,1,1,"Hispanic",0,71,93,93,87,67,50,64,58,50
25,0,0,0,1,"Hispanic",0,50,NA,NA,NA,NA,72,NA,NA,NA
22,0,0,0,1,"Hispanic",0,50,NA,NA,NA,NA,90,NA,NA,NA
42,1,0,0,1,"Hispanic",0,50,NA,NA,NA,NA,50,NA,NA,NA
22,0,0,0,1,"Hispanic",0,50,NA,NA,NA,NA,92,NA,NA,NA
75,0,1,1,0,"Hispanic",0,50,64,50,50,50,92,85,50,50
80,1,0,1,0,"Hispanic",0,86,31,100,96,NA,100,50,50,NA
38,1,0,0,0,"Hispanic",0,50,NA,NA,NA,NA,87,NA,NA,NA
78,0,1,1,1,"Hispanic",0,50,NA,NA,NA,NA,0,NA,NA,NA
57,1,1,1,1,"Caucasian",1,50,NA,NA,NA,NA,61,NA,NA,NA
69,1,1,1,0,"Caucasian",1,100,NA,NA,NA,NA,0,NA,NA,NA
35,1,0,1,0,"Hispanic",1,100,50,62,NA,50,100,100,50,50
60,1,1,1,1,"Caucasian",1,50,NA,NA,NA,NA,70,NA,NA,NA
67,0,1,1,1,"Hispanic",0,50,NA,NA,NA,NA,60,NA,NA,NA
51,1,0,1,0,"Hispanic",0,50,50,50,50,50,0,50,0,0
30,1,0,0,0,"Hispanic",0,50,50,50,50,NA,50,50,50,NA
38,1,1,1,0,"Hispanic",0,50,NA,NA,NA,NA,0,NA,NA,NA
47,1,1,1,1,"Hispanic",0,10,NA,NA,NA,NA,0,NA,NA,NA
20,1,0,0,1,"Hispanic",0,50,NA,NA,NA,NA,0,NA,NA,NA
63,1,1,1,1,"Caucasian",1,50,NA,NA,NA,NA,98,NA,NA,NA
27,1,1,1,0,"Hispanic",0,100,NA,NA,NA,NA,100,NA,NA,NA
20,1,0,1,1,"Hispanic",1,85,79,83,87,73,95,91,89,50
75,0,1,1,0,"Hispanic",0,50,NA,NA,NA,NA,1,NA,NA,NA
43,0,0,0,1,"Hispanic",1,76,83,85,69,50,86,93,86,51
53,1,1,1,1,"Hispanic",1,100,NA,NA,NA,NA,100,NA,NA,NA
33,0,0,0,1,"Hispanic",1,60,NA,NA,NA,NA,100,NA,NA,NA
21,1,0,0,1,"Hispanic",0,50,NA,NA,NA,NA,30,NA,NA,NA
57,0,1,1,1,"Caucasian",1,100,NA,NA,NA,NA,100,NA,NA,NA
66,0,1,1,1,"Hispanic",0,50,NA,NA,NA,NA,0,NA,NA,NA
39,0,1,1,1,"Hispanic",1,75,80,NA,NA,NA,81,85,NA,NA
53,1,1,1,1,"Hispanic",0,91,NA,NA,NA,NA,0,NA,NA,NA
56,0,1,1,1,"Hispanic",0,100,NA,NA,NA,NA,0,NA,NA,NA
57,1,1,1,1,"Hispanic",1,72,NA,NA,NA,NA,81,NA,NA,NA
31,0,0,1,1,"Hispanic",1,89,NA,NA,NA,NA,100,NA,NA,NA
26,0,0,0,1,"Hispanic",1,61,NA,NA,NA,NA,94,NA,NA,NA
90,1,0,0,1,"Hispanic",0,0,NA,NA,NA,NA,12,NA,NA,NA
19,0,0,0,0,"Hispanic",0,0,NA,NA,NA,NA,30,NA,NA,NA
73,1,1,1,0,"Hispanic",0,50,NA,NA,NA,NA,92,NA,NA,NA
69,0,1,1,1,"Hispanic",1,61,NA,NA,NA,NA,100,NA,NA,NA
63,1,1,1,1,"Hispanic",1,100,NA,NA,NA,NA,100,NA,NA,NA
49,1,1,1,0,"Caucasian",1,50,NA,NA,NA,NA,80,NA,NA,NA
65,1,1,0,0,"Caucasian",1,80,NA,NA,NA,NA,80,NA,NA,NA
27,1,1,1,1,"Hispanic",0,50,NA,NA,NA,NA,50,NA,NA,NA
65,1,1,1,1,"Caucasian",0,10,NA,NA,NA,NA,0,NA,NA,NA
33,1,0,1,0,"Hispanic",0,50,NA,NA,NA,NA,50,NA,NA,NA
44,1,1,0,0,"Hispanic",1,52,NA,NA,NA,NA,91,NA,NA,NA
47,1,0,1,1,"Hispanic",1,100,NA,NA,NA,NA,60,NA,NA,NA
21,0,1,1,1,"Hispanic",0,100,NA,100,NA,NA,5,NA,10,NA
53,0,1,1,1,"Hispanic",0,50,NA,NA,NA,NA,0,NA,NA,NA
46,1,0,1,1,"Hispanic",1,50,NA,NA,NA,NA,50,NA,NA,NA
73,0,1,1,0,"Hispanic",0,50,NA,NA,NA,NA,21,NA,NA,NA
71,1,1,1,0,"Hispanic",0,50,NA,NA,NA,NA,0,NA,NA,NA
46,0,1,1,1,"Caucasian",1,88,NA,NA,NA,NA,80,NA,NA,NA
52,1,1,1,1,"Hispanic",1,50,NA,NA,NA,NA,60,NA,NA,NA
22,0,1,1,0,"Hispanic",0,46,64,67,60,50,71,68,83,50
54,1,1,1,0,"Hispanic",1,70,NA,NA,NA,NA,80,NA,NA,NA
85,1,1,1,0,"Caucasian",1,50,NA,NA,NA,NA,92,NA,NA,NA
37,1,1,1,0,"Hispanic",1,82,NA,NA,NA,NA,100,NA,NA,NA
42,1,1,1,0,"Hispanic",0,59,NA,NA,NA,NA,7,NA,NA,NA
27,1,0,1,0,"Hispanic",1,50,NA,NA,NA,NA,50,NA,NA,NA
38,1,1,1,1,"Hispanic",0,50,50,NA,NA,NA,0,50,NA,NA
70,0,1,1,1,"Hispanic",0,0,13,0,0,NA,50,50,82,NA
59,1,1,1,1,"Hispanic",0,52,50,3,0,NA,52,50,50,NA
33,1,0,1,1,"Caucasian",0,89,90,87,97,90,90,100,50,50
32,0,1,1,1,"Caucasian",0,50,50,50,40,NA,70,65,60,NA
36,1,1,0,1,"Caucasian",0,100,NA,NA,NA,NA,81,NA,NA,NA
50,0,1,1,1,"Hispanic",0,65,NA,NA,NA,NA,72,NA,NA,NA
34,0,0,1,1,"Hispanic",0,50,NA,NA,NA,NA,5,NA,NA,NA
25,1,1,1,1,"Caucasian",0,50,NA,NA,NA,NA,50,NA,NA,NA
73,0,1,1,1,"Hispanic",0,0,0,0,0,20,0,33,37,35
67,1,1,1,1,"Hispanic",1,50,NA,NA,NA,NA,90,NA,NA,NA
64,0,0,1,1,"Hispanic",1,52,NA,NA,NA,NA,100,NA,NA,NA
20,1,0,0,1,"Hispanic",0,5,0,0,NA,NA,2,0,50,NA
54,0,1,1,1,"Hispanic",0,0,0,0,NA,NA,1,0,0,NA
54,1,1,0,1,"Hispanic",0,3,NA,NA,NA,NA,8,NA,NA,NA
39,1,0,0,1,"Hispanic",0,50,NA,NA,NA,NA,50,NA,NA,NA
55,1,1,1,0,"Caucasian",1,96,89,96,93,NA,94,97,50,NA
60,0,1,1,0,"Hispanic",0,50,50,60,78,50,95,99,92,91
67,0,1,1,1,"Caucasian",1,60,70,61,50,61,8,1,7,4
21,1,1,1,0,"Hispanic",0,32,NA,NA,NA,NA,27,NA,NA,NA
38,1,1,1,0,"Hispanic",1,50,NA,NA,NA,NA,61,NA,NA,NA
70,1,0,1,0,"Hispanic",1,54,NA,NA,NA,NA,67,NA,NA,NA
74,0,0,1,1,"Caucasian",0,0,50,29,50,30,19,27,8,20
48,1,1,1,1,"Hispanic",0,50,81,83,83,NA,0,7,50,NA
50,0,1,1,1,"Hispanic",1,20,52,50,50,50,50,51,50,50
40,0,0,0,1,"Hispanic",0,50,100,100,100,NA,50,50,50,NA
46,1,0,1,1,"Hispanic",0,50,100,88,100,100,50,50,50,50
53,0,1,1,1,"Hispanic",1,83,NA,NA,NA,NA,82,NA,NA,NA
20,0,0,0,1,"Hispanic",0,73,NA,NA,NA,NA,70,NA,NA,NA
51,0,1,1,1,"Hispanic",0,0,NA,NA,NA,NA,0,NA,NA,NA
34,1,1,1,1,"Hispanic",0,50,NA,NA,NA,NA,75,NA,NA,NA
53,1,0,0,0,"Caucasian",1,42,NA,NA,NA,NA,43,NA,NA,NA
30,0,1,1,0,"Hispanic",1,100,NA,NA,NA,NA,84,NA,NA,NA
34,0,1,1,0,"Caucasian",1,100,NA,NA,NA,NA,86,NA,NA,NA
74,0,1,1,1,"Caucasian",1,50,96,50,91,70,71,98,71,100
40,0,1,1,1,"Hispanic",0,50,NA,NA,NA,NA,21,NA,NA,NA
29,0,1,1,0,"Hispanic",0,63,NA,NA,NA,NA,0,NA,NA,NA
32,1,0,0,0,"Hispanic",0,100,NA,NA,NA,NA,0,NA,NA,NA
64,0,1,1,0,"Hispanic",1,50,NA,NA,NA,NA,50,NA,NA,NA
26,1,0,0,1,"Hispanic",0,93,100,100,100,100,84,100,100,100
54,1,1,1,0,"Hispanic",0,50,50,NA,50,NA,8,40,NA,NA
44,0,0,1,1,"Caucasian",0,80,75,90,85,80,39,50,50,50
78,1,1,1,1,"Caucasian",1,50,50,50,50,50,50,50,50,50
79,0,1,1,1,"Caucasian",1,50,50,50,50,50,50,50,50,50
79,1,1,1,0,"Hispanic",0,21,50,50,45,0,39,20,50,0
39,1,1,1,0,"Caucasian",0,50,50,50,55,NA,38,50,38,NA
52,1,0,1,0,"Hispanic",0,42,NA,NA,NA,NA,100,NA,NA,NA
62,0,0,1,0,"Hispanic",1,4,NA,NA,NA,NA,100,NA,NA,NA
33,0,0,0,0,"Hispanic",0,16,NA,NA,NA,NA,95,NA,NA,NA
22,1,0,1,0,"Hispanic",1,96,NA,NA,NA,NA,93,NA,NA,NA
36,1,0,0,0,"Hispanic",0,50,NA,NA,NA,NA,50,NA,NA,NA
58,0,1,1,1,"Hispanic",0,50,44,50,40,NA,100,80,73,NA
49,1,1,1,1,"Hispanic",0,52,50,82,50,50,49,50,50,50
19,1,1,0,1,"Hispanic",0,65,60,90,80,NA,50,50,60,NA
43,1,1,1,0,"Hispanic",1,100,NA,NA,NA,NA,93,NA,NA,NA
49,0,1,1,0,"Caucasian",1,100,NA,NA,NA,NA,53,NA,NA,NA
27,1,0,0,1,"Hispanic",0,100,100,100,100,100,100,100,100,50
68,0,1,0,1,"Hispanic",0,50,100,100,50,100,100,100,100,100
66,0,0,0,1,"Hispanic",0,50,NA,50,50,NA,50,NA,50,NA
43,0,0,0,1,"Hispanic",1,50,NA,50,50,50,75,NA,50,50
42,1,0,1,1,"Caucasian",0,50,50,50,50,NA,72,50,45,NA
45,1,1,1,0,"Hispanic",0,50,71,NA,85,56,8,35,NA,11
19,0,1,0,0,"Hispanic",0,100,85,NA,NA,NA,18,50,NA,NA
82,1,1,1,0,"Hispanic",0,50,50,41,NA,NA,8,21,23,NA
51,1,1,1,1,"Hispanic",1,50,NA,NA,NA,NA,50,NA,NA,NA
72,1,1,1,1,"Hispanic",1,50,NA,NA,NA,NA,50,NA,NA,NA
72,0,1,1,1,"Caucasian",0,95,85,75,80,NA,39,30,50,NA
21,1,0,1,1,"Hispanic",0,99,NA,NA,NA,NA,92,NA,NA,NA
51,0,0,1,1,"Caucasian",1,29,NA,NA,NA,NA,30,NA,NA,NA
52,0,0,0,1,"Caucasian",0,0,NA,NA,NA,NA,50,NA,NA,NA
52,1,1,1,0,"Hispanic",0,50,50,69,50,50,10,6,50,50
60,1,0,1,1,"Caucasian",1,49,NA,NA,NA,NA,71,NA,NA,NA
57,0,1,1,1,"Caucasian",0,75,85,95,60,62,50,60,45,62
73,1,1,1,0,"Caucasian",0,50,85,92,50,100,5,19,50,50
65,0,1,1,0,"Hispanic",0,61,50,75,50,50,93,72,82,65
30,1,1,1,0,"Caucasian",0,78,82,50,65,64,60,50,58,73
30,0,1,1,0,"Hispanic",0,71,75,80,50,NA,77,85,75,NA
49,1,1,1,1,"Hispanic",0,100,NA,NA,NA,NA,100,NA,NA,NA
56,1,1,1,0,"Caucasian",1,100,NA,NA,NA,NA,100,NA,NA,NA
66,1,1,1,1,"Caucasian",1,100,100,100,96,NA,100,100,100,NA
61,0,1,1,1,"Caucasian",1,100,50,90,85,79,100,100,100,50
66,0,1,1,0,"Hispanic",1,50,NA,NA,NA,NA,98,NA,NA,NA
25,1,0,0,0,"Hispanic",0,73,NA,NA,NA,NA,90,NA,NA,NA
64,0,1,1,0,"Hispanic",0,50,NA,NA,NA,NA,0,NA,NA,NA
80,1,1,1,1,"Hispanic",0,50,NA,NA,NA,NA,50,NA,NA,NA
70,0,1,1,1,"Hispanic",0,76,NA,NA,NA,NA,0,NA,NA,NA
61,0,1,1,0,"Caucasian",1,50,NA,NA,NA,NA,90,NA,NA,NA
17,0,0,0,1,"Hispanic",0,50,NA,NA,NA,NA,100,NA,NA,NA
71,1,0,1,1,"Hispanic",1,50,NA,NA,NA,NA,83,NA,NA,NA
42,1,1,1,0,"Hispanic",0,50,100,95,95,NA,70,77,55,NA
33,1,0,1,0,"Hispanic",0,85,50,50,50,NA,0,0,50,NA
33,0,0,1,0,"Hispanic",0,35,30,50,40,35,0,0,0,0
35,0,1,1,0,"Caucasian",1,63,NA,NA,NA,NA,68,NA,NA,NA
51,0,1,1,0,"Hispanic",0,50,50,NA,NA,50,0,0,NA,50
75,0,0,0,0,"Hispanic",0,50,50,NA,50,NA,84,97,NA,NA
53,1,1,1,0,"Caucasian",0,20,28,7,0,0,0,0,50,50
27,1,1,1,0,"Hispanic",0,50,31,18,0,0,19,20,10,33
77,1,1,1,0,"Hispanic",0,0,0,0,0,0,0,0,0,50
29,1,0,0,0,"Hispanic",0,95,77,70,84,75,0,50,0,50
65,1,1,1,0,"Hispanic",0,50,NA,NA,NA,NA,0,NA,NA,NA
61,0,1,1,0,"Hispanic",0,50,NA,NA,NA,NA,0,NA,NA,NA
42,0,0,1,0,"Hispanic",0,0,NA,NA,NA,NA,0,NA,NA,NA
40,1,0,1,0,"Hispanic",0,0,NA,NA,NA,NA,0,NA,NA,NA
68,1,1,1,1,"Asian",1,50,NA,NA,NA,NA,92,NA,NA,NA
51,1,1,1,1,"Hispanic",1,25,NA,NA,NA,NA,73,NA,NA,NA
27,1,0,0,0,"Caucasian",1,100,NA,NA,NA,NA,100,NA,NA,NA
55,0,1,1,1,"Caucasian",1,0,NA,NA,NA,NA,0,NA,NA,NA
57,1,0,1,1,"Caucasian",1,19,NA,NA,NA,NA,0,NA,NA,NA
33,0,1,1,1,"Hispanic",0,0,0,0,0,0,0,0,50,0
61,1,0,0,0,"Caucasian",0,60,73,70,80,76,60,50,60,100
22,0,0,1,1,"Caucasian",0,50,39,50,50,NA,27,26,28,NA
49,0,1,1,1,"Caucasian",0,50,NA,NA,NA,NA,8,NA,NA,NA
29,1,1,0,0,"Caucasian",1,63,83,62,62,NA,60,50,50,NA
53,1,0,1,0,"Caucasian",1,80,100,100,100,100,0,50,50,50
44,0,1,0,1,"Hispanic",0,100,NA,NA,NA,NA,100,NA,NA,NA
67,0,1,1,1,"Hispanic",1,0,NA,NA,NA,NA,99,NA,NA,NA
42,1,1,1,1,"Caucasian",0,50,NA,NA,NA,NA,70,NA,NA,NA
67,0,1,1,1,"Caucasian",1,50,NA,NA,NA,NA,19,NA,NA,NA
68,1,1,1,1,"Caucasian",1,57,NA,NA,NA,NA,51,NA,NA,NA
55,0,1,0,0,"Caucasian",0,50,NA,NA,NA,NA,50,NA,NA,NA
64,0,1,1,1,"Caucasian",0,31,28,50,35,16,29,21,50,50
62,1,1,1,1,"Caucasian",0,50,NA,NA,NA,NA,65,NA,NA,NA
57,1,1,1,1,"Hispanic",1,50,NA,NA,NA,NA,50,NA,NA,NA
71,0,1,1,1,"Caucasian",1,29,50,50,50,50,0,0,7,50
22,0,0,0,1,"Hispanic",0,53,NA,NA,NA,NA,64,NA,NA,NA
46,1,1,1,0,"Hispanic",0,50,46,50,50,NA,100,100,100,NA
55,0,1,1,0,"Caucasian",0,16,23,29,26,19,73,68,74,71
30,1,1,1,0,"Caucasian",1,58,NA,NA,NA,NA,80,NA,NA,NA
31,0,1,0,0,"Hispanic",1,0,NA,NA,NA,NA,29,NA,NA,NA
50,0,0,1,0,"Caucasian",0,100,100,NA,NA,NA,0,0,NA,NA
26,0,0,1,0,"Hispanic",0,100,100,NA,NA,NA,0,50,NA,NA
27,0,0,0,1,"Hispanic",0,50,NA,NA,NA,NA,0,NA,NA,NA
65,1,0,0,0,"Hispanic",0,18,50,0,10,NA,0,2,0,NA
77,0,0,0,0,"Caucasian",0,0,0,0,0,NA,7,0,50,NA
30,0,0,0,0,"Caucasian",0,20,50,0,0,NA,0,50,0,NA
72,1,1,1,0,"Hispanic",0,28,20,0,50,NA,0,0,0,NA
46,0,1,1,0,"Hispanic",0,50,51,0,50,50,0,0,0,0
74,0,1,1,0,"Hispanic",0,0,50,NA,NA,NA,0,0,NA,NA
28,1,1,1,0,"Caucasian",1,100,100,NA,100,95,89,77,NA,50
58,0,0,1,1,"Hispanic",0,50,NA,NA,NA,NA,50,NA,NA,NA
64,1,1,1,0,"Hispanic",0,50,NA,NA,NA,NA,0,NA,NA,NA
20,0,1,0,0,"Hispanic",0,50,NA,NA,NA,NA,0,NA,NA,NA
45,0,0,0,0,"Hispanic",0,0,NA,NA,NA,NA,0,NA,NA,NA
63,1,0,0,1,"Caucasian",0,100,NA,NA,NA,NA,50,NA,NA,NA
49,1,0,1,0,"Hispanic",0,50,NA,NA,NA,NA,92,NA,NA,NA
31,0,0,0,1,"Hispanic",0,89,NA,NA,NA,NA,50,NA,NA,NA
58,1,1,1,0,"Caucasian",1,50,NA,NA,NA,NA,33,NA,NA,NA
48,1,1,1,1,"Caucasian",1,50,50,50,50,NA,50,50,50,NA
32,0,1,1,0,"Hispanic",0,50,NA,NA,NA,NA,55,NA,NA,NA
67,1,0,0,0,"Hispanic",0,82,NA,NA,NA,NA,50,NA,NA,NA
28,0,1,1,1,"Hispanic",1,3,NA,NA,NA,NA,0,NA,NA,NA
60,1,0,0,1,"Hispanic",0,1,NA,NA,NA,NA,0,NA,NA,NA
61,1,1,1,0,"Caucasian",0,0,NA,NA,NA,NA,0,NA,NA,NA
64,0,1,1,0,"Caucasian",0,0,NA,NA,NA,NA,0,NA,NA,NA
48,0,0,1,0,"Caucasian",0,50,NA,NA,NA,NA,50,NA,NA,NA
20,0,0,0,0,"Hispanic",0,41,NA,NA,NA,NA,24,NA,NA,NA
59,1,1,1,0,"Hispanic",1,77,50,100,72,50,100,100,100,50
40,0,0,0,1,"Hispanic",1,50,NA,NA,NA,NA,50,NA,NA,NA
38,1,0,0,1,"Hispanic",1,50,NA,NA,NA,NA,75,NA,NA,NA
47,0,1,1,1,"Caucasian",0,33,NA,NA,NA,NA,30,NA,NA,NA
45,1,1,1,0,"Caucasian",0,75,NA,NA,NA,NA,66,NA,NA,NA
53,1,0,0,0,"Hispanic",0,35,NA,NA,NA,NA,32,NA,NA,NA
62,1,1,1,1,"Caucasian",0,50,50,50,50,50,72,50,50,50
66,1,1,1,1,"Caucasian",1,71,NA,NA,NA,NA,49,NA,NA,NA
26,0,1,0,1,"Caucasian",1,100,NA,NA,NA,NA,50,NA,NA,NA
59,1,1,1,0,"Hispanic",0,50,50,71,70,66,50,50,7,50
71,1,1,1,1,"Hispanic",0,0,NA,NA,NA,NA,8,NA,NA,NA
82,1,1,1,0,"Caucasian",0,77,NA,NA,NA,NA,30,NA,NA,NA
53,1,0,1,1,"Hispanic",1,99,100,100,100,NA,100,50,100,NA
30,0,0,1,1,"Hispanic",1,100,100,53,100,NA,100,100,100,NA
48,0,0,0,0,"Hispanic",0,0,NA,NA,NA,NA,0,NA,NA,NA
26,1,0,0,0,"Hispanic",0,50,NA,NA,NA,NA,5,NA,NA,NA
37,1,1,1,1,"Hispanic",0,0,NA,NA,NA,NA,62,NA,NA,NA
37,0,1,1,1,"Hispanic",1,8,NA,NA,NA,NA,10,NA,NA,NA
42,1,0,1,1,"Hispanic",0,13,NA,NA,NA,NA,28,NA,NA,NA
51,1,0,0,1,"Hispanic",0,57,90,84,95,83,79,67,50,50
49,0,1,1,1,"Hispanic",0,50,50,50,50,NA,14,0,50,NA
49,1,1,1,1,"Hispanic",0,17,50,50,50,NA,62,50,19,NA
19,0,0,0,1,"Hispanic",0,0,16,9,50,12,38,46,42,38
42,0,0,1,0,"Hispanic",0,50,NA,NA,NA,NA,50,NA,NA,NA
32,1,1,1,1,"Hispanic",0,0,NA,NA,NA,50,0,NA,NA,50
59,1,1,1,1,"Hispanic",0,0,0,NA,NA,NA,0,0,NA,NA
65,0,1,1,1,"Hispanic",0,7,NA,NA,NA,NA,8,NA,NA,NA
31,1,0,1,1,"Hispanic",0,90,NA,NA,NA,NA,71,NA,NA,NA
18,0,0,0,1,"Hispanic",0,50,100,100,100,NA,50,100,50,NA
49,0,1,1,1,"Hispanic",0,50,60,85,50,70,3,30,10,0
40,1,0,1,1,"Hispanic",0,47,50,50,50,17,0,0,0,0
54,1,0,0,1,"Hispanic",0,50,50,0,50,0,0,50,0,50
24,1,0,1,1,"Hispanic",0,69,NA,NA,NA,NA,50,NA,NA,NA
42,1,0,0,1,"Hispanic",0,38,NA,NA,NA,NA,40,NA,NA,NA
72,0,1,1,1,"Caucasian",0,50,50,53,11,17,50,37,35,50
40,1,1,1,0,"Hispanic",0,50,NA,NA,NA,NA,8,NA,NA,NA
80,0,1,1,1,"Caucasian",1,50,50,14,50,50,2,17,8,50
50,0,0,1,1,"Caucasian",1,0,12,0,0,NA,56,71,48,NA
20,0,0,0,0,"Hispanic",1,100,NA,NA,NA,NA,100,NA,NA,NA
48,0,0,1,0,"Hispanic",0,50,NA,NA,NA,NA,100,NA,NA,NA
58,1,1,1,1,"Hispanic",0,70,NA,NA,NA,NA,90,NA,NA,NA
57,0,1,1,1,"Hispanic",0,40,NA,NA,NA,NA,60,NA,NA,NA
23,1,0,1,0,"Hispanic",0,50,50,58,40,NA,63,50,44,NA
50,1,1,0,0,"Caucasian",1,50,NA,NA,NA,NA,83,NA,NA,NA
19,0,1,0,0,"Hispanic",1,33,NA,NA,NA,NA,68,NA,NA,NA
20,0,0,0,0,"Hispanic",1,0,NA,NA,NA,NA,100,NA,NA,NA
49,0,1,1,0,"Hispanic",0,50,NA,NA,NA,NA,7,NA,NA,NA
30,1,0,1,0,"Hispanic",0,4,50,50,50,30,0,20,19,50
71,1,1,1,0,"Hispanic",1,1,NA,NA,NA,NA,0,NA,NA,NA
39,0,0,0,0,"Hispanic",0,23,NA,NA,NA,NA,0,NA,NA,NA
53,0,1,1,1,"Hispanic",0,50,50,50,50,100,10,50,50,50
66,1,1,1,1,"Hispanic",0,10,0,12,29,28,10,0,11,0
69,0,1,1,1,"Caucasian",0,60,75,50,50,50,71,68,62,50
85,1,1,1,0,"Hispanic",0,23,NA,NA,NA,NA,7,NA,NA,NA
50,0,0,0,1,"Caucasian",0,70,NA,NA,NA,NA,100,NA,NA,NA
23,1,0,1,0,"Hispanic",1,50,80,80,93,NA,100,100,100,NA
71,1,1,1,0,"Hispanic",0,0,0,0,0,NA,0,0,0,NA
41,0,0,0,0,"Hispanic",0,0,0,0,0,NA,0,50,0,NA
70,0,1,1,0,"Hispanic",0,0,0,0,0,0,0,0,0,50
45,0,1,0,0,"Hispanic",0,50,NA,NA,NA,NA,50,NA,NA,NA
64,1,0,0,0,"Hispanic",0,0,NA,NA,NA,NA,88,NA,NA,NA
50,1,1,1,0,"Hispanic",0,94,NA,NA,NA,NA,61,NA,NA,NA
66,1,1,1,0,"Hispanic",0,50,50,50,50,50,9,11,11,50
43,1,1,1,1,"Hispanic",0,100,100,100,100,98,84,50,100,50
18,1,1,1,0,"Hispanic",0,75,NA,NA,NA,NA,84,NA,NA,NA
56,1,1,0,0,"Hispanic",0,50,NA,NA,NA,NA,70,NA,NA,NA
40,0,0,0,1,"Caucasian",1,73,81,75,88,NA,73,61,78,NA
82,1,0,0,1,"Hispanic",1,26,95,74,76,68,74,85,87,91
60,1,1,1,0,"Hispanic",1,50,50,50,50,50,100,90,50,50
44,0,1,1,0,"Hispanic",1,50,NA,NA,50,50,100,NA,NA,50
59,1,0,1,0,"Hispanic",0,50,NA,NA,NA,NA,19,NA,NA,NA
21,1,1,0,1,"Hispanic",0,100,NA,NA,NA,NA,97,NA,NA,NA
47,0,1,1,0,"Hispanic",0,50,NA,NA,NA,NA,50,NA,NA,NA
56,0,1,1,1,"Hispanic",0,0,NA,NA,NA,NA,0,NA,NA,NA
68,0,1,1,0,"Hispanic",0,50,NA,NA,NA,NA,18,NA,NA,NA
25,1,0,0,1,"Hispanic",0,50,NA,NA,NA,NA,73,NA,NA,NA
46,0,0,0,0,"Hispanic",0,100,NA,NA,NA,NA,24,NA,NA,NA
21,0,0,0,0,"Hispanic",0,100,NA,NA,NA,NA,100,NA,NA,NA
51,1,0,0,0,"Caucasian",0,100,NA,NA,NA,NA,74,NA,NA,NA
44,0,1,1,0,"Caucasian",0,50,NA,NA,NA,NA,50,NA,NA,NA
52,0,1,1,1,"Hispanic",1,74,NA,NA,NA,NA,83,NA,NA,NA
52,0,1,1,1,"Hispanic",1,68,NA,NA,NA,NA,96,NA,NA,NA
22,1,0,1,1,"Hispanic",0,14,NA,NA,NA,NA,0,NA,NA,NA
59,0,1,1,0,"Hispanic",1,40,50,50,50,50,90,100,80,50
56,1,0,0,1,"Hispanic",0,50,NA,NA,NA,NA,50,NA,NA,NA
31,0,1,1,0,"Caucasian",0,0,NA,NA,NA,NA,0,NA,NA,NA
29,0,1,1,0,"Hispanic",0,0,NA,NA,NA,NA,0,NA,NA,NA
59,1,1,1,0,"Hispanic",0,0,NA,NA,NA,NA,0,NA,NA,NA
64,0,1,1,0,"Hispanic",0,50,NA,NA,NA,NA,50,NA,NA,NA
30,1,0,1,0,"Hispanic",0,49,NA,NA,NA,NA,0,NA,NA,NA
18,1,1,0,1,"Hispanic",1,50,NA,NA,NA,NA,60,NA,NA,NA
24,0,0,1,1,"Caucasian",0,50,NA,NA,NA,NA,50,NA,NA,NA
62,0,1,1,1,"Hispanic",0,26,NA,NA,NA,NA,14,NA,NA,NA
25,0,0,0,1,"Hispanic",1,50,NA,NA,NA,NA,35,NA,NA,NA
56,0,0,1,0,"Hispanic",0,50,NA,NA,NA,NA,50,NA,NA,NA
29,1,0,0,0,"Hispanic",1,50,NA,NA,NA,NA,50,NA,NA,NA
57,0,0,1,0,"Hispanic",0,50,NA,NA,NA,NA,70,NA,NA,NA
51,1,0,1,0,"Hispanic",0,50,NA,NA,NA,NA,82,NA,NA,NA
67,0,1,1,0,"Hispanic",1,50,50,0,50,39,83,81,50,85
66,1,1,1,0,"Hispanic",0,50,50,50,50,NA,0,0,50,NA
41,0,1,1,1,"Hispanic",0,50,NA,NA,NA,NA,0,NA,NA,NA
49,0,1,1,0,"Hispanic",0,10,NA,NA,NA,NA,0,NA,NA,NA
43,1,0,0,1,"Hispanic",0,100,NA,NA,NA,NA,100,NA,NA,NA
20,1,1,0,1,"Hispanic",1,100,NA,NA,NA,NA,80,NA,NA,NA
59,1,1,1,0,"Caucasian",0,50,NA,NA,NA,NA,50,NA,NA,NA
21,0,1,1,1,"Hispanic",1,50,NA,NA,NA,NA,90,NA,NA,NA
65,0,1,1,1,"Hispanic",0,50,NA,NA,NA,NA,40,NA,NA,NA
83,1,0,0,1,"Hispanic",0,100,NA,NA,NA,NA,0,NA,NA,NA
54,0,0,1,1,"Hispanic",0,50,NA,NA,NA,NA,1,NA,NA,NA
22,0,0,0,1,"Hispanic",0,100,NA,NA,NA,NA,50,NA,NA,NA
37,0,1,1,0,"Hispanic",0,50,52,56,50,50,75,50,80,50
48,1,0,0,1,"Hispanic",0,84,94,93,83,82,97,50,50,50
49,0,1,1,1,"Caucasian",1,100,98,NA,87,NA,92,100,NA,NA
41,1,1,1,1,"Caucasian",0,50,NA,NA,NA,NA,50,NA,NA,NA
24,0,0,0,0,"Caucasian",0,50,50,0,0,1,0,50,0,50
18,1,0,0,0,"Hispanic",1,22,2,NA,NA,41,98,100,NA,50
46,1,0,1,0,"Hispanic",1,50,50,0,50,0,50,32,50,0
19,0,0,0,0,"Hispanic",0,3,NA,NA,NA,NA,50,NA,NA,NA
25,1,1,1,1,"Hispanic",1,100,100,100,100,100,71,78,77,50
68,0,1,1,1,"Caucasian",0,23,10,NA,NA,NA,40,42,NA,NA
56,1,1,1,1,"Caucasian",1,71,67,65,79,50,93,82,50,99
79,0,1,1,0,"Caucasian",1,100,NA,NA,NA,NA,100,NA,NA,NA
67,1,0,1,0,"Caucasian",1,100,NA,NA,NA,NA,100,NA,NA,NA
24,1,1,1,0,"Hispanic",1,50,84,100,85,80,75,50,75,80
56,1,1,1,0,"Hispanic",1,100,NA,NA,NA,NA,100,NA,NA,NA
31,0,0,1,0,"African American",1,50,NA,NA,NA,NA,100,NA,NA,NA
55,1,1,1,0,"Hispanic",0,50,NA,NA,NA,NA,0,NA,NA,NA
19,0,0,0,0,"Hispanic",0,0,NA,NA,NA,NA,0,NA,NA,NA
78,1,1,1,1,"Hispanic",1,50,50,50,50,50,100,50,94,50
56,1,1,1,1,"African American",1,50,NA,NA,NA,NA,100,NA,NA,NA
61,0,1,1,0,"Caucasian",1,70,NA,NA,NA,NA,85,NA,NA,NA
19,1,0,0,0,"Hispanic",0,100,NA,NA,NA,NA,80,NA,NA,NA
20,0,1,0,0,"Hispanic",0,50,NA,NA,NA,NA,71,NA,NA,NA
80,0,1,1,0,"Hispanic",0,50,NA,NA,NA,NA,0,NA,NA,NA
23,1,1,1,0,"Hispanic",0,100,NA,NA,NA,NA,50,NA,NA,NA
18,0,0,0,0,"Hispanic",0,50,NA,NA,NA,NA,50,NA,NA,NA
26,1,0,0,1,"Hispanic",0,50,92,82,80,NA,69,89,85,NA
51,1,1,1,1,"Hispanic",0,50,50,84,78,NA,80,90,80,NA
51,0,0,0,1,"Hispanic",0,50,67,79,82,NA,49,50,57,NA
41,0,0,0,0,"Hispanic",0,50,NA,NA,NA,NA,0,NA,NA,NA
30,1,1,1,0,"Hispanic",1,100,NA,NA,NA,NA,70,NA,NA,NA
29,1,1,1,0,"Hispanic",1,53,NA,NA,NA,NA,50,NA,NA,NA
33,0,1,1,0,"Hispanic",0,50,NA,NA,NA,NA,80,NA,NA,NA
58,1,1,1,1,"Caucasian",1,100,NA,NA,NA,NA,100,NA,NA,NA
55,0,1,1,0,"Hispanic",0,50,50,50,50,50,0,0,0,0
66,0,0,1,1,"Hispanic",0,50,NA,NA,NA,NA,28,NA,NA,NA
55,0,1,1,0,"Hispanic",0,50,NA,NA,NA,NA,7,NA,NA,NA
46,1,0,1,1,"Hispanic",0,50,NA,NA,NA,NA,17,NA,NA,NA
50,0,0,1,1,"Hispanic",0,50,NA,NA,NA,NA,0,NA,NA,NA
69,0,1,1,0,"Caucasian",0,39,25,30,35,20,28,25,30,20
57,1,1,1,0,"Hispanic",0,43,41,27,20,50,26,44,46,25
24,0,0,1,0,"African American",0,50,NA,NA,NA,NA,83,NA,NA,NA
46,1,1,1,1,"Hispanic",0,0,NA,NA,NA,NA,30,NA,NA,NA
53,0,1,1,0,"Hispanic",0,71,NA,NA,NA,NA,0,NA,NA,NA
20,1,1,0,0,"Hispanic",0,100,NA,NA,NA,NA,50,NA,NA,NA
51,1,1,1,0,"Hispanic",0,26,43,75,40,57,8,30,31,5
60,0,0,1,0,"Hispanic",0,50,34,38,44,NA,76,44,40,NA
58,0,0,0,0,"Hispanic",0,25,42,39,45,NA,61,56,55,NA
18,0,0,0,0,"Hispanic",1,45,30,40,45,40,70,75,60,50
41,0,0,0,1,"Hispanic",0,50,50,50,50,NA,29,50,40,NA
55,0,1,1,0,"Caucasian",1,100,NA,NA,NA,NA,100,NA,NA,NA
22,0,0,1,0,"African American",0,100,NA,NA,NA,NA,100,NA,NA,NA
20,0,1,1,0,"African American",0,100,NA,NA,NA,NA,100,NA,NA,NA
40,1,0,0,0,"Caucasian",0,90,NA,NA,NA,NA,90,NA,NA,NA
54,1,1,1,0,"Hispanic",0,75,NA,NA,NA,NA,100,NA,NA,NA
53,0,1,1,0,"Hispanic",1,50,NA,NA,NA,NA,83,NA,NA,NA
55,0,1,1,0,"Caucasian",0,100,81,75,88,91,92,50,94,82
61,0,1,1,0,"Caucasian",1,83,100,100,100,NA,100,97,91,NA
20,0,0,0,0,"Hispanic",0,100,NA,NA,NA,NA,100,NA,NA,NA
53,1,1,1,1,"Hispanic",0,50,NA,NA,NA,NA,0,NA,NA,NA
22,1,0,1,0,"Hispanic",0,79,88,100,100,NA,64,61,75,NA
42,1,0,0,0,"Caucasian",1,87,NA,NA,NA,NA,77,NA,NA,NA
72,1,1,1,0,"Caucasian",1,50,NA,NA,NA,NA,99,NA,NA,NA
40,1,1,1,0,"Hispanic",0,10,NA,NA,NA,NA,100,NA,NA,NA
22,0,1,1,1,"Caucasian",1,100,NA,NA,NA,NA,100,NA,NA,NA
28,1,1,1,1,"African American",1,89,NA,NA,NA,NA,75,NA,NA,NA
28,1,1,1,0,"Hispanic",1,50,NA,NA,NA,NA,100,NA,NA,NA
22,1,0,1,0,"Hispanic",0,50,NA,NA,NA,NA,26,NA,NA,NA
60,1,1,1,0,"Hispanic",0,50,NA,NA,NA,NA,10,NA,NA,NA
81,0,0,0,1,"Hispanic",0,77,NA,NA,NA,NA,100,NA,NA,NA
20,0,0,0,1,"Hispanic",0,50,NA,NA,NA,NA,50,NA,NA,NA
47,1,1,0,1,"Hispanic",0,1,NA,NA,NA,NA,50,NA,NA,NA
52,0,0,0,1,"Hispanic",0,50,NA,NA,NA,NA,50,NA,NA,NA
42,0,1,1,0,"Hispanic",1,86,50,NA,NA,NA,94,88,NA,NA
66,1,1,1,0,"Caucasian",1,100,NA,NA,NA,NA,100,NA,NA,NA
21,1,0,1,1,"Hispanic",0,100,NA,NA,NA,NA,75,NA,NA,NA
75,1,1,1,0,"African American",1,50,NA,NA,NA,NA,71,NA,NA,NA
60,0,1,1,0,"Caucasian",0,50,NA,NA,NA,NA,0,NA,NA,NA
42,0,0,0,1,"Hispanic",0,7,NA,NA,NA,NA,75,NA,NA,NA
75,1,1,1,1,"Hispanic",1,0,NA,NA,NA,NA,81,NA,NA,NA
55,0,1,1,0,"Hispanic",1,50,NA,NA,NA,NA,0,NA,NA,NA
21,1,0,0,1,"Hispanic",1,50,NA,NA,NA,NA,100,NA,NA,NA
56,0,1,0,1,"Hispanic",1,0,NA,NA,NA,NA,100,NA,NA,NA
51,1,1,0,1,"Caucasian",1,87,NA,NA,NA,NA,89,NA,NA,NA
58,1,1,1,1,"Hispanic",0,70,99,100,84,NA,100,100,100,NA
34,0,0,1,0,"Hispanic",0,50,50,50,50,50,50,50,100,50
37,1,0,1,0,"Hispanic",1,50,50,50,50,50,0,50,100,50
25,1,0,0,0,"Hispanic",0,100,100,NA,NA,NA,50,50,NA,NA
22,1,0,1,0,"Hispanic",0,60,NA,NA,NA,NA,30,NA,NA,NA
28,0,0,1,0,"Hispanic",0,26,NA,NA,NA,NA,0,NA,NA,NA
90,1,1,1,0,"Caucasian",1,50,NA,NA,NA,NA,50,NA,NA,NA
37,0,1,1,0,"Asian",1,62,NA,NA,NA,NA,50,NA,NA,NA
60,1,1,1,0,"Hispanic",1,58,NA,NA,NA,NA,100,NA,NA,NA
66,0,1,1,0,"Hispanic",0,59,NA,NA,NA,NA,100,NA,NA,NA
23,0,1,1,0,"Hispanic",0,50,NA,NA,NA,NA,70,NA,NA,NA
68,0,1,1,0,"Caucasian",0,50,NA,NA,NA,NA,9,NA,NA,NA
32,0,1,1,1,"Hispanic",1,50,NA,NA,NA,NA,100,NA,NA,NA
75,1,1,1,0,"Hispanic",0,80,NA,NA,NA,NA,31,NA,NA,NA
46,0,0,1,1,"Hispanic",0,50,50,50,50,50,0,0,0,50
55,1,1,1,1,"Caucasian",0,50,NA,NA,NA,NA,50,NA,NA,NA
25,0,1,1,1,"Hispanic",0,50,NA,NA,NA,NA,20,NA,NA,NA
56,0,1,1,1,"Hispanic",0,50,NA,NA,NA,NA,0,NA,NA,NA
55,1,1,1,1,"Hispanic",0,50,NA,NA,NA,NA,0,NA,NA,NA
28,1,0,0,0,"Hispanic",0,60,NA,NA,NA,NA,70,NA,NA,NA
20,1,0,0,1,"Hispanic",1,96,NA,NA,NA,NA,100,NA,NA,NA
58,1,1,1,1,"Caucasian",1,27,50,50,21,37,84,80,72,74
76,0,1,1,1,"Hispanic",0,99,NA,NA,NA,NA,91,NA,NA,NA
29,1,0,1,1,"Hispanic",0,100,NA,NA,NA,NA,100,NA,NA,NA
31,1,0,0,1,"Hispanic",0,44,NA,NA,NA,NA,50,NA,NA,NA
69,0,1,1,1,"Hispanic",0,100,NA,NA,NA,NA,3,NA,NA,NA
56,1,1,1,1,"Hispanic",1,94,100,NA,100,96,98,50,NA,50
47,0,1,0,0,"Hispanic",0,50,50,20,17,50,0,0,20,50
43,1,1,0,0,"Hispanic",0,50,83,50,51,50,0,0,0,0
57,0,1,1,1,"Caucasian",1,100,NA,NA,NA,NA,100,NA,NA,NA
60,1,1,1,1,"Hispanic",1,95,NA,NA,NA,NA,100,NA,NA,NA
83,0,1,0,1,"Hispanic",0,36,40,45,34,29,35,39,44,30
20,1,0,1,1,"Hispanic",1,100,NA,NA,NA,NA,99,NA,NA,NA
49,1,0,0,1,"Hispanic",0,50,NA,NA,NA,NA,59,NA,NA,NA
55,0,0,0,1,"Hispanic",0,49,NA,NA,NA,NA,16,NA,NA,NA
29,1,0,1,1,"Hispanic",0,50,60,40,10,NA,40,30,50,NA
65,1,0,1,1,"Hispanic",0,50,NA,NA,NA,NA,50,NA,NA,NA
64,0,1,1,1,"Caucasian",1,73,NA,NA,NA,NA,86,NA,NA,NA
50,0,0,1,0,"Caucasian",1,100,50,NA,79,NA,100,50,NA,NA
47,1,0,1,0,"Hispanic",0,23,50,NA,78,84,87,50,NA,41
20,1,0,0,0,"Hispanic",0,99,50,NA,50,NA,87,50,NA,NA
32,0,0,1,0,"Caucasian",0,50,50,65,80,NA,10,10,25,NA
36,1,0,1,0,"Caucasian",0,50,90,89,90,95,6,50,32,50
53,1,1,0,1,"Hispanic",0,42,50,50,50,NA,17,31,50,NA
19,1,0,0,1,"Hispanic",1,100,79,80,91,NA,72,50,50,NA
64,1,1,1,1,"Caucasian",1,50,NA,NA,NA,NA,81,NA,NA,NA
40,0,0,0,1,"Hispanic",0,43,82,NA,55,NA,23,27,NA,NA
38,1,1,1,1,"Hispanic",0,2,NA,NA,NA,NA,0,NA,NA,NA
41,1,0,0,1,"Hispanic",0,37,66,50,50,62,50,50,50,64
59,1,1,1,0,"Hispanic",1,50,43,12,20,NA,60,50,14,NA
48,0,1,1,0,"Caucasian",0,47,41,40,50,26,0,50,24,25
56,0,1,1,0,"Hispanic",0,100,50,50,100,NA,100,100,100,NA
73,0,1,1,0,"Hispanic",0,88,100,100,50,100,91,100,100,100
65,0,1,1,0,"African American",1,62,NA,NA,NA,NA,100,NA,NA,NA
54,1,0,0,1,"Hispanic",0,50,NA,NA,NA,NA,28,NA,NA,NA
64,1,1,1,1,"Caucasian",1,22,NA,NA,NA,NA,31,NA,NA,NA
59,0,0,1,0,"Hispanic",0,50,NA,NA,NA,NA,0,NA,NA,NA
62,1,1,1,0,"African American",1,50,50,NA,53,NA,100,100,NA,NA
28,1,0,1,0,"Hispanic",0,76,NA,NA,NA,NA,14,NA,NA,NA
38,0,1,0,0,"Hispanic",0,50,NA,NA,NA,NA,30,NA,NA,NA
37,1,1,0,0,"Hispanic",0,50,NA,NA,NA,NA,40,NA,NA,NA
54,0,1,1,1,"African American",1,50,50,50,NA,NA,100,87,82,NA
56,1,1,1,1,"African American",1,65,73,60,76,78,100,100,81,90
18,0,0,0,1,"Hispanic",0,60,NA,NA,NA,NA,60,NA,NA,NA
54,0,0,1,1,"Hispanic",0,54,NA,NA,NA,NA,54,NA,NA,NA
57,0,1,1,1,"Hispanic",1,73,NA,NA,NA,NA,80,NA,NA,NA
66,0,0,1,0,"Hispanic",1,50,60,50,61,50,82,50,69,50
50,1,0,0,0,"Hispanic",0,50,NA,NA,NA,NA,100,NA,NA,NA
75,1,1,1,0,"Hispanic",0,50,NA,NA,NA,NA,92,NA,NA,NA
78,0,1,1,0,"Hispanic",0,11,NA,NA,NA,NA,10,NA,NA,NA
49,0,0,1,0,"Hispanic",0,50,50,50,48,NA,0,4,0,NA
71,1,1,1,0,"Hispanic",0,50,50,50,50,NA,0,0,0,NA
78,0,1,1,0,"Hispanic",0,50,50,50,50,50,0,0,0,0
58,0,1,1,1,"Hispanic",1,73,85,100,50,90,100,100,100,50
63,0,1,1,0,"Asian",0,25,NA,NA,NA,NA,75,NA,NA,NA
16,1,0,0,1,"Hispanic",1,50,NA,NA,NA,NA,100,NA,NA,NA
82,0,1,1,1,"Hispanic",0,29,NA,NA,NA,NA,0,NA,NA,NA
51,0,0,1,1,"Hispanic",1,50,NA,NA,NA,NA,70,NA,NA,NA
32,1,1,0,1,"Hispanic",0,50,NA,NA,NA,NA,72,NA,NA,NA
67,0,1,1,1,"Hispanic",0,100,NA,NA,NA,NA,0,NA,NA,NA
20,0,0,0,0,"Caucasian",0,100,NA,NA,NA,NA,82,NA,NA,NA
45,0,1,0,0,"Caucasian",0,58,NA,NA,NA,NA,70,NA,NA,NA
65,1,1,1,0,"Hispanic",0,50,10,0,5,0,0,50,1,50
68,0,1,1,0,"Hispanic",0,50,0,10,10,0,0,2,0,0
55,1,0,0,1,"Caucasian",0,50,NA,NA,NA,NA,50,NA,NA,NA
91,1,1,1,0,"Hispanic",0,55,NA,NA,NA,NA,95,NA,NA,NA
58,0,1,1,0,"Hispanic",0,50,NA,NA,NA,NA,84,NA,NA,NA
39,1,1,1,0,"Hispanic",1,38,NA,NA,NA,NA,77,NA,NA,NA
60,1,1,1,0,"Hispanic",0,50,50,50,50,60,71,71,50,50
21,1,1,1,0,"Hispanic",1,100,92,64,60,50,92,86,79,50
19,1,1,0,0,"Hispanic",1,62,80,69,71,NA,81,73,50,NA
34,0,0,1,0,"Hispanic",0,13,NA,NA,NA,NA,0,NA,NA,NA
34,1,0,0,0,"Hispanic",0,50,NA,NA,NA,NA,50,NA,NA,NA
68,0,1,1,1,"Hispanic",0,50,50,50,50,50,5,20,27,50
60,1,1,1,0,"Hispanic",1,82,92,89,96,50,100,100,50,50
45,1,0,1,0,"Hispanic",0,40,45,NA,NA,NA,50,50,NA,NA
44,0,0,0,1,"Caucasian",0,79,NA,NA,NA,NA,88,NA,NA,NA
45,1,0,0,1,"Caucasian",0,100,NA,NA,NA,NA,95,NA,NA,NA
32,0,0,0,1,"Hispanic",0,49,NA,NA,NA,NA,50,NA,NA,NA
66,1,1,1,1,"Hispanic",1,50,50,90,86,100,100,50,100,100
62,0,1,1,1,"Hispanic",0,50,NA,NA,NA,NA,50,NA,NA,NA
29,1,1,1,0,"Hispanic",0,20,NA,NA,NA,NA,10,NA,NA,NA
68,1,1,1,0,"Hispanic",1,36,NA,NA,NA,NA,84,NA,NA,NA
22,1,0,0,1,"Hispanic",0,50,NA,NA,NA,NA,100,NA,NA,NA
64,0,1,1,1,"Hispanic",0,50,50,50,81,50,9,7,7,19
55,0,1,1,1,"Caucasian",1,94,100,NA,50,50,50,6,NA,50
39,0,0,1,0,"Hispanic",0,50,NA,NA,NA,NA,75,NA,NA,NA
19,1,0,0,1,"Hispanic",0,85,NA,NA,NA,NA,50,NA,NA,NA
51,0,1,0,1,"Hispanic",0,50,NA,NA,NA,NA,0,NA,NA,NA
54,0,1,1,0,"Hispanic",0,23,45,32,42,50,0,0,0,0
44,1,1,1,0,"Hispanic",1,50,50,50,79,NA,83,96,70,NA
72,1,0,1,0,"Caucasian",1,50,NA,NA,NA,NA,90,NA,NA,NA
46,1,1,1,0,"Hispanic",1,50,NA,NA,NA,NA,81,NA,NA,NA
54,0,1,1,1,"Hispanic",0,40,50,50,50,50,25,16,25,30
23,1,0,0,0,"Hispanic",0,100,NA,NA,NA,NA,50,NA,NA,NA
18,0,0,0,0,"Hispanic",0,75,NA,NA,NA,NA,75,NA,NA,NA
54,1,0,1,1,"Hispanic",0,38,NA,NA,NA,NA,71,NA,NA,NA
55,1,0,0,1,"Hispanic",0,28,NA,NA,NA,NA,17,NA,NA,NA
46,1,0,1,1,"African American",1,50,NA,NA,NA,NA,100,NA,NA,NA
65,1,0,1,1,"Hispanic",1,50,NA,NA,NA,NA,100,NA,NA,NA
20,1,0,0,1,"African American",1,50,NA,NA,NA,NA,100,NA,NA,NA
21,0,0,1,0,"Hispanic",0,100,50,67,63,32,94,70,60,50
20,1,0,1,0,"Hispanic",1,79,100,100,100,NA,100,100,50,NA
44,1,0,1,0,"Hispanic",1,92,50,NA,NA,NA,84,50,NA,NA
27,0,1,1,0,"Hispanic",0,21,16,40,27,NA,60,50,75,NA
58,1,0,0,0,"Hispanic",0,0,27,NA,NA,NA,50,50,NA,NA
75,1,1,1,1,"African American",1,90,82,100,50,100,95,100,100,100
21,1,0,1,0,"Hispanic",0,73,NA,NA,NA,NA,77,NA,NA,NA
77,0,1,1,1,"Caucasian",1,100,97,99,35,89,100,98,50,50
50,0,1,1,1,"Caucasian",1,90,NA,NA,NA,NA,100,NA,NA,NA
72,1,1,1,1,"Caucasian",1,67,NA,NA,NA,NA,92,NA,NA,NA
61,1,1,1,1,"Hispanic",0,0,NA,NA,NA,NA,50,NA,NA,NA
25,0,1,1,0,"Hispanic",0,50,41,50,53,50,87,82,77,79
86,1,0,0,1,"Hispanic",0,56,NA,NA,NA,NA,53,NA,NA,NA
60,1,1,1,1,"Hispanic",0,50,NA,NA,NA,NA,4,NA,NA,NA
64,1,1,1,0,"Caucasian",0,53,NA,NA,NA,NA,50,NA,NA,NA
38,0,0,1,0,"Caucasian",0,60,NA,NA,NA,NA,59,NA,NA,NA
22,0,1,0,0,"Hispanic",0,20,NA,NA,22,NA,19,NA,NA,NA
27,0,0,0,0,"Hispanic",0,30,NA,NA,NA,NA,80,NA,NA,NA
55,1,1,1,0,"Hispanic",1,100,NA,NA,NA,NA,20,NA,NA,NA
85,1,1,1,0,"Hispanic",0,50,NA,NA,NA,NA,50,NA,NA,NA
45,1,0,0,0,"Caucasian",0,50,NA,NA,NA,NA,50,NA,NA,NA
18,0,0,0,0,"Hispanic",0,50,NA,NA,NA,NA,39,NA,NA,NA
53,0,0,1,1,"Caucasian",0,50,NA,NA,NA,NA,50,NA,NA,NA
73,1,1,1,0,"Hispanic",0,12,40,71,50,84,40,41,81,83
27,1,0,0,1,"Hispanic",0,80,NA,NA,NA,NA,77,NA,NA,NA
80,0,0,1,0,"Hispanic",0,50,NA,NA,NA,NA,50,NA,NA,NA
81,1,0,0,0,"Hispanic",0,41,NA,NA,NA,NA,50,NA,NA,NA
37,1,0,1,0,"Hispanic",0,19,NA,NA,NA,NA,22,NA,NA,NA
28,1,1,0,1,"Hispanic",0,100,100,92,92,80,29,50,14,50
21,1,0,1,0,"Hispanic",0,74,NA,NA,NA,NA,50,NA,NA,NA
26,1,0,0,1,"Hispanic",1,32,NA,NA,NA,NA,50,NA,NA,NA
64,0,1,1,1,"Hispanic",0,50,NA,NA,NA,NA,9,NA,NA,NA
70,1,1,1,1,"Caucasian",1,76,NA,NA,NA,NA,73,NA,NA,NA
40,0,1,1,0,"Hispanic",0,100,100,100,100,NA,0,0,0,NA
66,1,1,1,0,"Hispanic",0,50,50,50,0,NA,0,0,0,NA
57,0,1,1,0,"Hispanic",0,50,NA,NA,NA,NA,7,NA,NA,NA
60,1,1,1,0,"Hispanic",0,50,NA,NA,NA,NA,20,NA,NA,NA
31,1,1,0,0,"Caucasian",0,85,NA,NA,NA,NA,50,NA,NA,NA
31,0,1,1,0,"Caucasian",0,42,NA,NA,NA,NA,20,NA,NA,NA
20,1,0,1,0,"Hispanic",1,100,NA,NA,NA,NA,71,NA,NA,NA
56,1,1,1,0,"Hispanic",0,10,NA,NA,NA,NA,20,NA,NA,NA
61,1,1,0,1,"Hispanic",0,50,50,93,50,82,7,50,50,50
21,1,1,0,1,"Hispanic",0,100,100,100,100,NA,100,50,100,NA
48,1,0,0,1,"Hispanic",0,100,100,100,100,NA,90,100,50,NA
20,0,0,0,1,"Hispanic",0,100,100,100,100,NA,100,65,50,NA
23,1,1,0,0,"Hispanic",1,100,NA,NA,NA,NA,100,NA,NA,NA
41,1,1,1,1,"Hispanic",0,100,NA,NA,NA,NA,100,NA,NA,NA
49,1,0,0,0,"Hispanic",1,100,NA,NA,NA,NA,97,NA,NA,NA
19,1,0,0,0,"Hispanic",1,100,NA,NA,NA,NA,99,NA,NA,NA
63,1,1,1,1,"Hispanic",0,43,NA,NA,NA,NA,31,NA,NA,NA
30,0,0,0,1,"Hispanic",0,50,NA,NA,NA,NA,35,NA,NA,NA
29,0,1,1,1,"Hispanic",0,20,NA,NA,NA,NA,20,NA,NA,NA
57,0,1,1,1,"Hispanic",0,100,100,100,50,NA,100,100,50,NA
31,1,1,1,1,"Hispanic",0,100,75,60,57,NA,100,100,60,NA
57,1,1,1,1,"Hispanic",1,100,100,100,NA,NA,100,100,100,NA
21,0,1,0,1,"Hispanic",0,50,NA,NA,NA,NA,50,NA,NA,NA
97,1,0,0,0,"Hispanic",1,38,NA,NA,NA,NA,50,NA,NA,NA
25,0,0,0,0,"Hispanic",0,50,NA,NA,NA,NA,50,NA,NA,NA
66,0,1,1,1,"Hispanic",0,16,NA,NA,NA,NA,0,NA,NA,NA
47,1,1,1,0,"Hispanic",0,50,36,38,40,30,0,0,50,50
52,0,0,1,1,"Hispanic",1,50,NA,NA,NA,NA,50,NA,NA,NA
52,1,1,1,0,"Hispanic",0,90,95,90,NA,NA,90,90,98,NA
82,1,1,1,0,"Hispanic",1,100,NA,NA,NA,81,100,NA,NA,50
84,1,0,1,1,"Hispanic",0,50,NA,NA,NA,NA,97,NA,NA,NA
47,0,0,0,1,"Hispanic",0,50,NA,NA,NA,NA,100,NA,NA,NA
19,1,0,0,1,"Hispanic",1,50,NA,NA,NA,NA,88,NA,NA,NA
67,1,0,1,1,"Hispanic",0,98,NA,NA,NA,NA,100,NA,NA,NA
56,1,1,0,1,"Caucasian",1,93,NA,NA,NA,NA,85,NA,NA,NA
34,1,0,1,0,"Hispanic",0,100,NA,NA,NA,NA,50,NA,NA,NA
20,1,0,0,0,"Hispanic",0,50,NA,NA,NA,NA,0,NA,NA,NA
46,1,0,0,0,"Hispanic",0,50,NA,NA,NA,NA,0,NA,NA,NA
26,0,0,1,0,"Hispanic",0,50,NA,NA,NA,NA,0,NA,NA,NA
52,1,0,0,0,"Hispanic",0,8,NA,0,0,0,75,NA,50,62
88,1,0,0,0,"Hispanic",0,17,NA,0,0,NA,68,NA,50,NA
20,0,0,0,0,"Hispanic",0,0,NA,0,0,NA,80,NA,50,NA
71,0,1,1,1,"Hispanic",0,60,NA,NA,NA,NA,0,NA,NA,NA
19,1,0,0,1,"Hispanic",0,50,NA,NA,NA,NA,50,NA,NA,NA
47,1,0,1,1,"Caucasian",0,14,NA,NA,NA,NA,31,NA,NA,NA
49,0,0,0,1,"Caucasian",0,25,NA,NA,NA,NA,50,NA,NA,NA
44,1,1,1,0,"Caucasian",1,100,NA,NA,NA,NA,80,NA,NA,NA
75,1,1,1,0,"Caucasian",1,100,NA,NA,NA,NA,91,NA,NA,NA
25,0,1,0,0,"Caucasian",0,50,50,50,50,42,25,50,50,50
59,0,1,1,0,"Caucasian",0,2,50,40,50,40,9,50,20,30
67,1,1,1,1,"Hispanic",0,48,50,40,50,NA,45,40,40,NA
68,0,1,1,1,"Hispanic",0,50,55,71,48,50,50,50,49,25
48,0,0,1,0,"Hispanic",0,50,NA,NA,NA,NA,60,NA,NA,NA
19,1,0,0,0,"Caucasian",1,100,NA,NA,NA,NA,50,NA,NA,NA
18,1,0,0,0,"Hispanic",0,100,NA,NA,NA,NA,50,NA,NA,NA
53,0,0,0,0,"Hispanic",0,50,NA,NA,NA,NA,69,NA,NA,NA
30,0,0,0,1,"Hispanic",0,50,NA,NA,NA,NA,20,NA,NA,NA
72,0,1,1,1,"Hispanic",0,50,NA,NA,NA,NA,0,NA,NA,NA
22,0,0,1,1,"Hispanic",0,50,NA,NA,NA,NA,30,NA,NA,NA
46,1,1,1,1,"Hispanic",0,70,NA,NA,NA,NA,0,NA,NA,NA
54,1,1,1,0,"Caucasian",1,50,NA,NA,NA,NA,72,NA,NA,NA
58,0,1,1,0,"Caucasian",1,50,NA,NA,NA,NA,100,NA,NA,NA
19,1,1,0,0,"Caucasian",1,98,NA,NA,NA,NA,95,NA,NA,NA
46,1,1,1,1,"Caucasian",1,85,NA,NA,NA,NA,93,NA,NA,NA
65,0,1,1,0,"Caucasian",1,38,NA,NA,NA,NA,73,NA,NA,NA
61,1,1,1,0,"Caucasian",1,65,NA,NA,NA,NA,73,NA,NA,NA
34,1,1,1,1,"Hispanic",1,50,50,70,50,60,85,81,90,75
25,1,1,1,1,"Hispanic",0,89,100,100,78,81,84,93,81,50
72,1,1,1,1,"Hispanic",0,73,NA,NA,NA,NA,82,NA,NA,NA
52,0,1,1,1,"Caucasian",0,66,NA,NA,NA,NA,81,NA,NA,NA
81,0,1,1,1,"Hispanic",0,63,NA,NA,NA,NA,89,NA,NA,NA
52,1,0,1,0,"Hispanic",0,50,NA,NA,NA,NA,0,NA,NA,NA
50,0,0,1,0,"Caucasian",0,50,NA,NA,NA,NA,16,NA,NA,NA
48,0,0,0,1,"Hispanic",1,50,NA,NA,NA,NA,28,NA,NA,NA
72,1,1,1,0,"Caucasian",1,50,NA,NA,NA,NA,100,NA,NA,NA
51,1,1,1,0,"Caucasian",1,100,NA,NA,NA,NA,98,NA,NA,NA
25,1,1,1,0,"Caucasian",1,64,NA,NA,NA,NA,81,NA,NA,NA
70,0,1,1,0,"Caucasian",0,90,95,74,91,82,90,94,50,87
55,0,1,0,1,"Hispanic",0,50,NA,NA,NA,NA,18,NA,NA,NA
88,1,1,1,1,"Hispanic",0,0,NA,NA,NA,NA,0,NA,NA,NA
28,1,0,1,1,"Hispanic",0,100,100,53,100,100,100,50,100,100
26,1,0,0,1,"Hispanic",0,100,100,100,100,NA,100,100,100,NA
19,1,1,0,1,"Hispanic",1,100,100,100,100,NA,100,100,100,NA
19,0,0,0,1,"Hispanic",1,100,NA,NA,NA,NA,50,NA,NA,NA
21,1,0,0,1,"Hispanic",1,100,NA,NA,NA,NA,82,NA,NA,NA
20,1,0,0,1,"Hispanic",0,100,100,88,100,96,77,80,68,50
18,0,1,0,1,"Hispanic",0,50,91,50,50,NA,66,50,55,NA
62,1,1,1,0,"Caucasian",0,0,NA,NA,NA,NA,8,NA,NA,NA
76,1,1,1,0,"Hispanic",1,89,NA,NA,NA,NA,10,NA,NA,NA
27,0,0,0,1,"Hispanic",0,56,NA,NA,NA,NA,60,NA,NA,NA
37,0,0,1,1,"Hispanic",0,50,NA,NA,NA,NA,50,NA,NA,NA
76,1,0,0,1,"Hispanic",0,50,NA,NA,NA,NA,50,NA,NA,NA
69,0,1,1,1,"Hispanic",0,50,NA,NA,NA,NA,50,NA,NA,NA
20,1,0,0,1,"Hispanic",0,100,NA,NA,NA,NA,100,NA,NA,NA
32,1,0,1,1,"Hispanic",0,100,NA,NA,NA,NA,81,NA,NA,NA
87,0,1,1,1,"Caucasian",0,5,20,20,25,41,30,29,50,30
57,0,1,1,1,"Caucasian",0,0,0,20,20,10,50,10,50,50
31,1,1,1,0,"Hispanic",0,100,NA,NA,NA,NA,93,NA,NA,NA
23,1,0,1,1,"Hispanic",1,50,60,80,50,100,50,60,68,50
46,0,1,0,1,"Caucasian",1,50,NA,NA,NA,NA,91,NA,NA,NA
21,1,0,0,0,"Caucasian",0,100,NA,NA,NA,NA,100,NA,NA,NA
62,1,1,1,0,"Hispanic",1,0,9,100,0,0,9,9,98,24
54,0,1,1,0,"Caucasian",1,50,50,50,50,50,50,50,50,50
58,1,1,1,0,"Hispanic",0,50,50,50,50,50,50,50,50,50
28,1,0,1,1,"Hispanic",0,50,NA,NA,NA,NA,0,NA,NA,NA
72,0,1,1,1,"Hispanic",0,10,NA,NA,NA,NA,0,NA,NA,NA
29,1,1,1,0,"Caucasian",0,50,NA,NA,NA,NA,0,NA,NA,NA
71,1,1,1,0,"Caucasian",1,100,NA,NA,NA,NA,66,NA,NA,NA
53,1,1,1,1,"Hispanic",1,50,84,50,50,50,85,81,50,50
57,0,1,1,1,"Hispanic",1,56,65,60,66,56,97,95,50,50
35,1,1,0,0,"Hispanic",0,75,NA,NA,NA,NA,23,NA,NA,NA
35,0,1,1,0,"Hispanic",0,75,NA,NA,NA,NA,20,NA,NA,NA
